,Rap,PAV,SSV,MSV
0,"visualizing the realism of life and actuality 
 visualizing the realism of life and actuality 
 You I was you, 
 And I know that the 
 I got on I got to 
 I just I dedicate I dedicate 
 I dedicate, I know, I know, I know, I know, I know, I know, I know, 
 I know I know I know, I know, I know, I know, I know, I know, 
 I know I know, I know I know, I know, I know, I know, I know, 
 I know I know, I know, I know, I know I know, I know, I know, 
 I know I know I know, I",0.6672547478961145,0.9874321758729337,0.5242115950731256
1,"+ (lyfe) 
 knew i said i would roll ""wit'chu"" 
 put my lifestyle on hold my 
 You know in to 
 We know my I got 
 Hundred bands on my 
 I got to to 
 I don't want to 
 I got got you 
 I ain't you the 
 I got so 
 I wanna you 
 I got I hate 
 I dedicate, 
 I dedicate, I dedicate I dedicate yeah I know, 
 I dedicate, I know I know, I know, I know, I know, I know, I know, 
 I know I know, I know, I know, I know, I know, I know, I know, 
 I know",0.4554450884801783,0.9770666618975723,0.4436665185200764
2,"""baby, did you hear that ? "" ""yeah, baby, i heard it too"" 
 look out a that ? 
 
 I know the in the 
 I don't you fuckin' and 
 I can't you my 
 I don't if 
 I can't I dedicate, 
 I dedicate, dedicate, 
 I dedicate, I dedicate I dedicate 
 I dedicate, dedicate, I dedicate I dedicate 
 I know, I know, I know, I know, I know, 
 I know I know, I know, I know, I know, I know, I know, 
 I know I know, I know, I know, I know I know, I know, I know, 
 And I know I know, I know,",0.6313939418268297,1.0,0.5436964524343012
3,"sugar come by and get me high 
 sugar come by and get me high 
 Can you believe the ? 
 Pedal to the medal we see blue light 
 You it's ass is the I got it 
 
 I think to a the the 
 I was know on cha my 
 I got I got I feel it 
 I won't I know, I know, I know, I know, I know, 
 I know I know, I know, I know, I know, I know, I know, I know, I know, 
 I know I know, I know, I know, I know, I know, I know, I know, 
 I know, I know,",0.5485960081387043,1.0,0.49843422641079305
4,"tony dead and his brother too 
 streets ""talkin'"" every week the coppers ""comin'"" through 
 
 I was the the my 
 I don't it focusing like I don't even with 
 I just my to I hate it 
 I don't the I need be 
 I feel I had I know, I know, I know, I know, I know, I know 
 I know, I know, I know, I know, I know I know, I know, 
 I know I know, I know, I know, I know, I know I know, 
 I know you I know, I know, I know I know, I know, I know, I know, I know, I know,",0.4896425862706414,1.0,0.5268604178508285
5,"buddah bless this beat 
 ""that's"" a fool, nah 
 yeah, trap shit 
 no, no, baby 
 
 I got like to the 
 I don't with the 
 I can't that that 
 I ain't that 
 I got tell 
 I got I dedicate have 
 I dedicate, I dedicate 
 I dedicate, I dedicate I know, I know I know, I know, I know, I know, 
 I know I know I know I know, I know I know, I know, 
 I know, I know, I know, I know, I know, 
 I know I know, I know, I know, I know, I know, 
 I know, I know, I know,",0.550876563269614,1.0,0.49531105670269127
6,"get on with life as a illustrator 
 ""i'm"" an unique kinda person 
 i like you my 
 
 I can't life the the 
 I shine, the that 
 I won't you 
 I just to 
 I know the 
 I know 
 I try, 
 
 I try, many the 
 I wanna I don't 
 I dedicate, I dedicate, I dedicate, I know, I know, I know, I know, I know, 
 I know I know, I know, I know, I know, I know, I know, I know, 
 I'm still I know, I know, I know, 
 I know, I know, I know, I know, I know I know, I",0.4577121853034578,1.0,0.48645679711949574
7,"through hell you know ""i'm"" fighting 
 through the yell (yell), you know ""i'm"" fighting 
 You ain't the the your 
 Your in 
 
 Uhh, it 
 
 I feel to a the I don't my 
 But this I got I keep 
 I got I wanna I know, I know, 
 I know, I know, I know, I know, I know, I know, I know, I know, 
 I know I know, I know, I know, I know, I know, I know, 
 I know, I know, I know, I know, I know, I know I know, I know, 
 And I know I know I know, I know, I know, 
",0.5651414709929279,1.0,0.5485981118368696
8,"from front to back street, listen, we on a mission 
 to get right, ""workin'"" street me 
 
 I don't a a of 
 I can't never love 
 I think I can't 
 I dedicate, I dedicate I dedicate I know, I know, I know, I know, I know 
 I know, I know, I know, I know, I know, I know, I know, I know, I know, 
 I know I know, I know, I know, I know I know I know, I know, 
 I know I know, I know, I know I know, I know, I know, I know, 
 I know I know, I know, I know, I know, I",0.6344717632400558,1.0,0.5615586234568594
9,"come on (come on) 
 take it back (take it back) 
 ""70's"" style (style) 
 
 I used the the the I just to to 
 I got these the I was that you 
 I can't so I want lyin', I just 
 I ain't I promise I know, I know, I know, I know, I know, I know, 
 I know I know, I'm so I know I know, I know, I know, 
 I know I know, I know, I know, I know, 
 I know, I know, I know, I know, I know, I know, I know, I know, 
 I know I know, I know, I know, I know, I",0.5113865819088486,1.0,0.552683033105907
10,"fat dub sack ! remix of method man for ya one time. yeah 
 
 m-e-t, can't the to the 
 You don't you through 
 I think you the 
 I was a 
 
 I just know I got know 
 I got that 
 I love I dedicate I dedicate I dedicate 
 I dedicate, I know, I know, I know, I know I know, I know, I know, 
 I know I know I know, I know, I know, I know, I know, I know, 
 I know, I know I know I know, I know, I know, I know, I know, 
 I know I know, I know I know, I",0.5331051988894301,1.0,0.5131382205809732
11,"man ""y'all"" play too much 
 now now percival, ""don't"" fret 
 ""we're"" here to help 
 I got a 
 
 I got that I can 
 I dedicate, I dedicate 
 I dedicate, I dedicate, I know, I know, I know, I know, 
 I know, I know I know, I know, I know, I know, 
 I know I know I know I know I know, I know, I know, I know, I know, 
 I know I know, I know, I know, I know, I know, I know, I know 
 I know I know, I know, I know, I know I know, I know, I know, 
 I know I know,",0.60066491353056,1.0,0.5166489711351037
12,"dirty soda, spike lee 
 white girl, ice t 
 fully loaded ap, yeah 
 
 I ain't you the 
 I got I know 
 I dedicate, I had 
 I dedicate, I dedicate I know, I know I know, I know, I know I know 
 I know, I know, I know, I know, I know I know, I know I know, 
 I know I know, I know, I know, I know, I know, 
 I know, I know, I know, I know, 
 I know, I know, I know, I know I know I know, 
 I know, I know, I know, I know, I know, 
 I know, I know, I",0.6386231340654381,1.0,0.522878695811926
13,"hehe, yeah 
 you know ""i'm"" posted in the booth with the booth with ronny j 
 I know I know the heart I was I got 
 
 I don't I know, I know, I know, 
 I know, I know, I know, I know, I know I know, I know, I know, 
 I know I know, I know I know I know I know, I know, I know, 
 I know I know, I know, I know, I know, I know, I know, 
 I know, I know I know, I know, I know, I know, I know, I know I know, 
 I know I know, I know, I know, I know,",0.6672584486776774,1.0,0.5364557545036446
14,"i ""don't"" wanna rush 
 but i already rushed it, so fuck it 
 i know my is I got 
 Just like me the a 
 
 I ain't you and your 
 I don't that I want my 
 I wanna I love, I know, I know, I know, I know, 
 I know, I know, I know, I know, I know, I know, I know, I know, 
 I know I know, I know, I know, I know, I know, I know, I know, I know, 
 I know I know, 
 I know, I know, I know, I know, I know, I know, I know, I know, 
 I know I know,",0.5995188855817016,1.0,0.51190093409053
15,"did you realize 
 that you were a champion in their eyes ? 
 
 yes, my my you ? 
 You we throwin you ? 
 What you ? 
 What you ? 
 Who you at ? 
 What 
 Who 
 
 I know the a 
 I ain't I need I don't 
 I dedicate, I dedicate, I know, I know, I know, I know, I know, I know, 
 I know, I know I know I know, I know, I know I know, I know, 
 I know I know, I know, I know, I know, I know, 
 I know, I know I'm a 
 I know, I know, I",0.5162071141108565,1.0,0.5199545528378199
16,"""brenda's"" got a baby 
 
 i hear ""brenda's"" got a baby, but ""brenda's"" barely got 
 It's the Riddler 
 
 I got the 
 I got I can I know, 
 I dedicate, I dedicate, I know, I know, I know, I know, 
 I know, I'm gonna I know, I know, I'm gonna 
 I know, I know, I know, I know, I know, I know, 
 I know, I know I know, I know, I know, I know, I know, 
 I know I know, I know, I know, I know, I know, I know, I know, 
 And I know, I know, I know, I know, I know, I know, 
",0.5733383592124687,1.0,0.5380970176573857
17,"mic checka.. 
 yes ""y'all,"" and i am.. 
 the grand, imperial wizard.. d.m.c.. 
 and is the kit, and 
 They yeah, it kit, on 
 You go trippy kit, a 
 You throwdown, the with the 
 And I know is you 
 And I know tell 
 I love I know, 
 I know I know, I know, I know, I know, I know, I know, I know 
 And I know I know, I know, I know, 
 And I know I know, I know, I know, 
 I know, I know, I know, I know, I know, I know, I know, I know, 
 I know I know, I know, I",0.537122671231384,1.0,0.5051007075989533
18,"yeah (buck ! buck ! ) come on ""y'all,"" ""it's"" ""goin'"" down 
 shouts out to my in the 
 
 The yo, I made to you 
 I don't the I should a 
 I just I ain't I know, I know, I know, I know, I know, I know 
 I know I know, I know, I know, I know, I know, I know, I know, 
 I know I'm gonna I know, I know, I know, I know, I know, I know, I know, 
 I know I know, I know, I know, I know, I know, I know, I know, 
 I know, I know, I know, I know I know I",0.5523622224088501,1.0,0.5675413587342946
19,"w-balls, ""it's"" your main man dj e-z dick 
 about to unleash another one of those 
 
 I'm dabbin' in my I'm a 
 I'm a I'm cognitive, really, 
 I'm positive, I'm cognitive 
 I'm positive, I'm real, 
 I'm positive, I'm real, 
 I'm real, 
 I'm positive, 
 I'm a 
 I won't I'm ready 
 I got I'm gonna 
 I don't I know, I know, I know, I know, I know, 
 I know I know, I know, I know, I know, I know, I know, I know, 
 I know I know, I know, I know, 
 I know I know, I know, I know, I know, I know,",0.5694716301568392,1.0,0.5333589515176813
20,"someday ""i'm"" gonna be walkin down the streets 
 mindin my own business.. and bam ! 
 
 I was the to I don't got the 
 I break the on the my 
 I need I know it 
 I love I love, that 
 I dedicate, I dedicate, I know, 
 I dedicate, I know I know, I know, I know, I know, I know, I know 
 I know I know, I know, I know, I know, I know, 
 I know, I know, I know, I know, I know, I know, I know, I know, 
 I know I know, I know, I know, I know, I know, I know, I know",0.5792480906896423,1.0,0.510968080301933
21,"i am phenomenal 
 with every ounce of my blood 
 with every breath in my 
 
 You is the on 
 I got my I won't 
 I got my 
 I am I dedicate 
 I dedicate, I dedicate, 
 I dedicate, dedicate, I dedicate I know, I know, I dedicate 
 I ain't I know, I know, I know, I know, I know, I know, I know, I know, 
 I know I know, I know, I know I know, I know, I know, I know, 
 I know I know, I know, I know, I know, I know, I know, I know, 
 I know I know, I know I know",0.6093147773268708,1.0,0.534653143745549
22,"""i'mma"" do my thing. let me tell you right now 
 ""'cause"" i ""don't"" know any and 
 We my we up the 
 And my that the 
 You just the you 
 
 You you the to 
 
 Whom a the little 
 I just that to 
 I don't never 
 I feel I dedicate 
 I dedicate, I dedicate 
 I dedicate, dedicate, dedicate 
 I dedicate I dedicate 
 I dedicate, dedicate, I can be 
 I dedicate, I dedicate, I know, I know I know, I know, I know, 
 I know I know, I know, I know, I know, I know, I know, I know, 
 I know",0.5422485765484139,1.0,0.49182719391417246
23,"mic check (mic check, mic check) 
 yea 
 ohh, ohh 
 ohh 
 
 got the my on 
 You the a 
 Uh, found 
 
 I got so I ain't to 
 I just feel money I get that to 
 I been I love, I know, I know, I know, I know, I know, I know, 
 I know I know, I know, I know, I know, I know, I know, I know, 
 So I stay I know I get you and 
 
 I got I had a 
 I won't I love, I know, I know, I know, I know, I know, I know 
 I know I know,",0.43968481477526117,1.0,0.5157455593890705
24,"i wanna say, you always going out your way 
 cancel all your plans, you will and 
 
 I can't a what my the 
 I got I'm on afraid 
 I know the I ain't so 
 And I was I know 
 I dedicate, I know, love, 
 I know I won't I know, I know, I know, I know, I know, I know, I know, I know, 
 I know I know I know I know I know, 
 I know, I know, I know, I know I know I know, I know, 
 I know, I know, I know, I know I know, I know, I know, I know, 
 I",0.5795238367678837,1.0,0.5232853971356781
25,"this is for the gz, and this is for the hustlas 
 this is for the you 
 
 I said the on with the it be 
 But I don’t wanna it I can't the my 
 I got I had I know, I know, I know, I know, I know, 
 The ripped I go you I wouldn't 
 I know I got I know, 
 I know, I know, I know, I know, I know, I know, I know, I know, 
 I know I know, I know, I know, I know I know, I know, I know, 
 I know I know, I know, I know, I know, I know, 
 If",0.5472824705399414,1.0,0.5245961311687275
26,"""i'm"" ""finessin',"" ""finessin'"" (straight up) 
 i came up a hundred bands a week, straight off 
 And if you of with I can't the I got 
 I got you I was the I had I don't 
 I don't I had I know, I know, I know, I know, I know, I know, 
 I know I know, I know, I know, I know I know, I know, I know, 
 I know I know, I know, I know, I know, I know, I know, 
 I know I know, I know, I know, I know I know, I know, I know, 
 I know I know I know, I know, I know, I",0.6859600052135442,1.0,0.5628907080723371
27,"yeah yeah, yeah yeah yeah 
 yeah, yeah yeah, yeah yeah yeah 
 yeah (yeah) 
 
 I got the these the I got I got 
 I gotta I had I know I know, I know, I know, I know, I know 
 I know I know, I know I know, I know, I know, I know, I know, 
 I know I know I know, I know, I know, I know, I know, I know, 
 
 I know, I know, I know, I know, I know, I know, I know, 
 I know I know, I know, I know, I know, I know, I know, I know, 
 I know I know I",0.6715913438942919,1.0,0.5612677085005355
28,"rip lil phat (lil treble made the beat, he only had to play it once) 
 I see a I just to my I do need it 
 I know I won't love, I was lyin', 
 I wanna I can't I know, I know, I know, I know, I know, I know, 
 I know I know, I'm gonna 
 I know I know, I know, I know, I know, I know, I know, I know, 
 I know, I know, I know, I know, I know, I know, I know, I know 
 I know I know, I know, I know, I know, I know, I know, I know, 
 And I could I",0.6147884618303274,0.9813918025700621,0.544168581925444
29,"dip dip dive, to the socialized 
 issued rhythms that are on the rise 
 step your it come 
 It's a my 
 It's time simple war 
 It's all that war 
 It's time for war 
 It's time for war 
 It's time the war 
 It's time for war 
 It's time for war 
 It's time that war 
 It's time everyday war 
 It's time for war 
 It's all for war 
 It's time for war 
 It's time for war 
 It's time everyday war 
 It's time for war 
 It's time throwaway, war 
 It's time to war 
 It's time for war 
 It's time",0.6445026285038465,0.9928304799623866,0.474829092278459
30,"i will (will) 
 i will (i will) 
 i will 
 oh-ooh (oh-ooh) 
 uh 
 
 I am the to I got 
 I got to in 
 I be you you 
 I can't a 
 I got my 
 I feel the 
 I think I need 
 But I don't never 
 I dedicate, I know, I know, I know, 
 I know I know, I know, I know, I know, I know, I know, I know, 
 I know, I know, I know, I know, I know, I know, I know, I know, 
 I know I know I know, I know I know, I know, I know, I know,",0.5299540267089755,1.0,0.5039038868790731
31,"hey, her mind is on a different level 
 plus the teachers ""couldn't"" reach her, always 
 I need know a the 
 I ain't I was to, 
 I don't I dedicate I love, I know, 
 I know, I know, I know, I know I know, I know, I know, 
 I know, I know I know, I know I know I know, I know, I know, 
 I know, I know, I know, I know, I know I know, I know, I know, 
 I know I know, I know, I know, I know, I know, I know, I know, I know, I know, 
 I know I know, I know, I know,",0.6557955848750334,0.9767777439886934,0.5422783173082268
32,"focus baby ""don't"" look at me 
 see right through me 
 understand my heartbeat 
 
 I got to angels you want 
 I ain't I need a 
 I don't the them, like 
 I won't the 
 I got I got 
 I dedicate, I dedicate, so 
 I dedicate, I dedicate I know, I know, I know, I know, I know, I know, 
 I know I know, I know, I know, I know, I know, I know, 
 I know I know, I know I know, I know I know, I know, I know, 
 You ripped I know 
 You I be you 
 I know that I don't 
",0.4910634743287213,1.0,0.49150257570056305
33,"uh uh uh whoo whoo uh yeah uh yeah whoo 
 uh uh yeah uh yeah a 
 You got 
 
 I can't that it 
 I got you I want 
 I dedicate, I got 
 I dedicate, I dedicate 
 I dedicate, I know, I know, 
 I dedicate, I dedicate I know, I know, I know, 
 I know, I know, I know, I know, I know I know, I know, I know, 
 I know I know, I know, I know, I know I know, I know, I know, 
 I know I know, I know, I know, I know, I know, I know, I know, 
 I know I know,",0.6886666315855045,1.0,0.5326262361268121
34,"motherfucking legend 
 motherfucking legend 
 even if i die, living legend 
 look at my 
 We better 
 
 I fucked a that on skeezer 
 I don't what wanna to 
 I just it in the 
 I don't it the 
 I wanna that 
 I don't that I got 
 I dedicate, you 
 I feel I know I dedicate I know, 
 I dedicate, 
 I dedicate, I know, I know, 
 I dedicate, I love, I dedicate, I know, I know, I know, I know, I know, 
 I know I know, I know, I know I know, I know, 
 I know, I know I know, I know,",0.5314925409406731,1.0,0.48825750872671525
35,"yo yo yo yo.. ""it's"" funk doc, where the weed at, bitch ? 
 i speed you it and you the 
 I put you you on you to a a 
 I never what I hate it make you 
 
 I been my the I feel tore 
 I just the I ain't lyin', I lay I was it 
 I don't I know, I know, I know, I know, I know, I know, I know, I know, 
 I know, I know I know, I know, I know, I know, I know, I know, 
 I know I know, I know, I know, I know 
 I know, I know, I know, I",0.5558951057838468,1.0,0.5182715041948094
36,"i been, i been looking on the motherfuckin’ internet 
 and i been seeing a lot lil' 
 The niggas to my the 
 What nigga move the 
 They that the on 
 
 I know a 
 I want want the 
 I can't that 
 I love the 
 I got got 
 I wanna 
 I dedicate, my 
 I dedicate, 
 I dedicate, 
 I try, 
 I dedicate, 
 I try, 
 I dedicate, 
 I got 
 I dedicate, 
 I dedicate, I dedicate, 
 
 I dedicate, you me I got 
 I never love... I want I never 
 I dedicate, I need I know, I know,",0.4774448372750736,1.0,0.4791930673881785
37,"one little, two little, three little indians ! 
 (""check this out"") 
 one little, two it to 
 We you 
 
 I got a in I was the 
 I get you in I just to 
 I want the I lay be 
 I got I can't I need I know, 
 
 I got I know, I know, I know, I know, I know, I know, I know, 
 I know I know I'm gonna I know, I know 
 I'm just I know, I know, I know, 
 I know, I know, I know, I know I know, I know, I know, I know, 
 You ripped I know ? 
",0.4291263092489544,1.0,0.5006733556460513
38,".. {*jail interlude*} .. 
 
 son i just slapped my bitch 
 came to my the the 
 I don't that a a you 
 I was even get you 
 I just tell no bitches 
 I been to it, 
 I'm not on 
 I'm not 
 I'm not 
 I'm ready illusions 
 I'm comin' illusions 
 I'm drownin' illusions 
 I'm positive, illusions 
 I'm not illusions 
 I'm a illusions 
 
 I can't the I got do I want you 
 I ain't trippin, I need lyin', I got it I just 
 
 And I don't I know, I know, 
 I know I know, I know, I",0.47088806635669267,1.0,0.5031729562521617
39,"badmon representing 
 tell me is you ready is you really ready 
 they ""ain't"" really the I got my the 
 I got no a on I got it 
 I had get I got that 
 
 I don't want the I need to 
 I wanna trippin, I got trippin, 
 I love I love, I ain't I know, I know, I know, I know, I know, 
 I know I know, I know, I know I know, I know, 
 I know, I know, I know, I know, I know, 
 I know, I know, I know, I know, I know, I know, 
 
 I got I know, I know, I",0.49123194583320756,1.0,0.5196466533349566
40,"oh, yeah 
 ohh, ahh 
 
 fuck home, fuck sleep, come clean, ""zonin'"" 
 ""can't"" don't they on in 
 You the the always 
 You Versace, we kinda 
 We pills, is 
 
 I gotta to 
 I feel need 
 I take you 
 I got 
 I dedicate, 
 I dedicate, I dedicate, 
 I dedicate, I dedicate, 
 I dedicate, 
 I dedicate, I dedicate, I dedicate, I dedicate 
 I dedicate, I know, I know, I know, I know, 
 I know, I know, I know, I know, I know I know, I know, I know 
 I know I know, I know, I know, 
 I can't I",0.5662323960013862,1.0,0.5027472973439756
41,"said she tired of little money, need a big boy 
 pull up 20-inch blades like 
 And when you a to 
 I'm like to the a 
 To the and me 
 You don't get the 
 Yeah, yeah becoming 
 And I know 
 I want wanna 
 I love it 
 I dedicate, 
 I dedicate, I dedicate, 
 I dedicate, I dedicate I dedicate 
 I dedicate, I know, I know, I know, I know, I know, I know, I know 
 I know I know, I know, I know, I know, I know, I know, I know, 
 I know I know, I know I know, I know, I know",0.5220927346000541,0.9758599721504406,0.49009642347428994
42,"woo ! shady, aftermath (b-g-o-v) 
 look at that bitch, shit ! hey ! 
 there got 
 
 I got a in on a my 
 I don't I wanna the the 
 I feel I love, I dedicate I know, 
 I know, I know, I know, I know, I know, I know, I know, 
 I know I know, I'm ready I know, I know, I know, 
 I know, I know, I know I'm gonna I'm so 
 I know, I know, I know, I'm gonna 
 I know, I know, I know, I know, I know, 
 I know, I know, I know, I know, I know, I know, I know",0.5389370282508071,1.0,0.5362081314722741
43,"i spent a check on a whip, on a bitch, on a grip, on a flip 
 Yeah, the the say that 
 I was the to the the 
 I got the a shit but 
 I don't what feel 
 I can't the you 
 I don't the 
 I love dying 
 I got 
 I wanna 
 I dedicate, 
 I dedicate, 
 I try, 
 I try, 
 I need 
 I dedicate I dedicate, 
 I dedicate, I dedicate 
 I dedicate, dedicate, dedicate I want 
 I dedicate, I dedicate I dedicate 
 I dedicate, I know, I know I know, I know, 
 I know, I know, I",0.5835962403083463,0.987175445427934,0.4764715422708161
44,"al geno on the track 
 niggas having undercover pressure ""'bout"" bitches 
 let a nigga your a a 
 
 I got with your the 
 I feel a you 
 I wanna the all 
 I feel like 
 I got you you 
 I got I got I dedicate I dedicate 
 I dedicate, I know, I know, I know, I know, I know I know, I know, 
 I know I know, I know, I know, I know, I know, 
 I know I know, I know, I know, I know, I know, I know, I know, 
 I know I know, I know, I know, I know I know, I know,",0.5060769810701253,1.0,0.5041211567139124
45,"yo (yo) 
 yo, yo, yo (yo, yo yo), yo 
 i told ""y'all"" niggas a 
 
 Niggas wanna know the groupies, 
 Niggas be acting to 
 Niggas be acting the 
 Talking I get 'em 
 
 I got want a 
 I been it's no 
 I can't wanna I can that 
 I just my I want, I need I just 
 I was I know, I know, I know, I know, I know, I know, I know, 
 I know I know, I know, I know, I know, I know 
 I know I know, I know, I know, I know, I know, 
 I know, I know, I know,",0.4947592897905352,1.0,0.5144895921595073
46,"okay, ""it's"" rattpack ""'til"" my pulse flat 
 we keep it real, no false rap 
 
 I get on 
 I know pop I need I don't 
 I dedicate, I love, I know, I know, I know, I know I know, I know, 
 I know I know, I know, I know, I know, I know, 
 I know, I know, I know, I know, I know, I know, I know 
 I know, I know, I know I know, I'm gonna 
 I know, I know, I know, I know, I know, I know, I know, 
 I know, I know, I know, I know, I know, 
 I know, I know, I",0.6352444139829186,1.0,0.5443944582286571
47,"ayy, come here real quick, bro, let me holler at you real quick 
 uh, uh a we you it you 
 And all ain't that 
 And the is that 
 And party for bullshit 
 And party all 
 And party 
 And party your 
 And party and 
 And party 
 And party 
 
 You I got I could I had 
 I know, I know, I know, I know, I know, I know, I know 
 I know I know I know, I know, I know, I know, I know, I know, I know, I know, (I know) I know, 
 I know, I know, (I know, I know) 
",0.5719826538967202,1.0,0.5081558107485076
48,"(j) uhh (a) uh-uh (y) uh uh-uh 
 ah ch-ch ah, ch-ah, ah uh-uh 
 ah I got the I got 
 I wish I know, I dedicate, I know, 
 I know, I know, I know, I know I know I know, 
 I'm with I know, I know, I know, I know, 
 I know, I know, I know, I'm on 
 I know, I know, I know, I know, I know, I know, I know, 
 I know I know, I know, I know, I know, I know, I know I know, 
 I know I know, I know, I know, I know, 
 I know, I know I know, I know, I",0.6932286524865379,0.9867325617668186,0.5453416032156648
49,"hey sucka nigga, wherever you are 
 i thought about you, fool, while i was driving 
 You niggas the up, the you that 
 It's a the the a the place 
 
 I got I got be a 
 I don't know get 
 I dedicate, it 
 I feel my 
 I wanna 
 I dedicate, 
 I dedicate, I dedicate 
 I dedicate, I dedicate 
 I dedicate, I dedicate, I know, I know, I know, I know, I know, 
 I know I know, I know, I know, I know, I know, I know, I know, 
 I know I know, I know, I know I know, I know, I know,",0.5632880980111834,1.0,0.5157597544806259
50,"against an attacker i will boldly take my stand 
 because my heart will show fear the the 
 I know what the the a a won't 
 I got wanna you for I don't to 
 I don't mean the I could in 
 I don't I got I was 
 I dedicate, I know, I know, I know, 
 I know, I know, I know, I know, I know I know, I know I know, 
 I know I know, I know, I know, I know I know, I know, I know, 
 I know I know, I know, I know, I know, I know, I know, I know, 
 I know I know,",0.6145287050747592,0.9745506776369027,0.5398754921402494
51,"yeah ! 
 money on my mind, money on my mind (geah ! ) 
 money every ! 
 
 You uh, to it the to we 
 This the posting to a 
 You I was it a 
 We I don't to it I can 
 I would what I wake 
 I dedicate, I know I know 
 I dedicate, I know, I know, I know, I know I know, I know, I know, 
 I know I know, I know, I know, I know, I know, I know, I know, 
 I know I know, I know I know, I know, I know, 
 I'm gonna I know, I know, I know,",0.5304451089737798,1.0,0.5317314363175878
52,"yeah, you lucky 
 
 yeah, ""i'm"" on savage time nigga 
 ""i'm"" on savage time the 
 Yeah, ooh, trippy up 
 You say know kit, 
 
 I got the you 
 I just care the 
 I got you 
 I get to 
 I got 
 I ain't 
 I dedicate, I dedicate I dedicate I know, I know I know, I know, I know, 
 You I know, know I know I know, I know, 
 I love I thought I know, I know, I know I know, I know, 
 I know I know, I know, I know, I know, I know, I know, 
 I know I know, I",0.493206259649891,1.0,0.5140708783856031
53,"""i'm"" high, and ""i'm"" nauseous 
 oops, i meant obnoxious 
 gang gang gang 
 these all it 
 Pussy nigga you in 
 
 Ayy, yup, you ayy, 
 Ayy, ayy, ayy, 
 Ayy, ayy, ayy, yup 
 Ayy, ayy, ayy, 
 Ayy, yup, ayy, 
 Ayy, ayy, ayy, yup 
 Ayy, ayy, ayy, yup 
 Ayy, ayy, ayy, yup 
 Ayy, ayy, ayy, 
 Ayy, ayy, ayy, 
 Ayy, ayy, ayy, 
 Ayy, ayy, ayy, 
 Ayy, ayy, ayy, yup 
 Ayy, ayy, ayy, 
 Ayy, ayy, ayy, 
 Ayy, ayy, ayy, 
 Ayy, ayy, ayy, yup 
 Ayy, ayy, ayy, 
 Ayy, ayy, ayy, 
 Ayy, ayy, ayy, yup 
 Ayy, ayy, ayy,",0.6797378102055368,1.0,0.5237579307014338
54,"you know lil ced, ""that's"" my nigga, i made him a millionaire, fuck it, we all 
 
 I know know, a niggas 
 I don't to a to 
 I can't you I want the 
 I feel I love, I know, I know, I know, I know, 
 I know, I know, I know, I know I know, 
 I know, I know, I know, I know I know, I know, I know, I know, 
 I know I know, I know, I know I know, I know, I know I know, 
 I know, I know, I know I know I know, I know, I know I know, 
 I know I know,",0.6699754509464517,1.0,0.5299149533398578
55,"jd on tha track 
 iceberg want a bag, bitch 
 
 we pop out at to 
 You my on like a 
 Take deserve trippy a the 
 
 You I got a that I don't 
 You the I ain't playin’ 
 I know I know to to 
 
 I know I don't I know, I know, I know, I'm just 
 I know, I know, I know, I know, 
 I know, I know, I know, I know I know, I know, I know, I know, 
 I know I know, I know I know, I know, I know, I know, I know 
 I know I know, I know, I",0.49824906842703925,1.0,0.5381045042792105
56,"see when i do joints like these 
 i do it for the ""young'en"" in the my 
 I'm the out my the the 
 I ain't a a in and 
 I just my you the 
 But I know sayin no my 
 I feel sayin I can't 
 
 You to I get playin’ I got to I got 
 I know I know I know, I know, I know, I know, I know, I know, 
 I know I know, I know, I know, I know, I know, 
 I know, I know, I know, I know, I know, I know, I know, I know, 
 I know I know, I know,",0.5406140309978665,1.0,0.499326414316927
57,"i am a sinner ""who's"" probably gonna sin again 
 lord forgive me, lord forgive me to the 
 I'm just to you the I ain't that 
 I don't a on want the you 
 I got I got to I ain't 
 I know the I got 
 I dedicate, I dedicate, I know, 
 I dedicate, I know, I know, I know, I know, I know, I know, I know, 
 I know I know I know, I know I know I know, I know, I know, 
 I know I know I know, I know, I know, I know, I know, I know, 
 I know I know, I know, I know,",0.6324455042350471,0.977514345484681,0.5285531163654867
58,"welcome to the culdesac, this is where the street ends 
 i am just a rapper, the I ain't a 
 I got in that the my big I got you 
 And I don't I'm not to I know no it 
 I ain't I was I know, I know, I know, 
 I know, I know, I know, I know, I know, I know, I know, I know, 
 I know I know I know, I know, I know, I know, I know, I know 
 I know I know, I know, I know, I know, I know, I know, I know, 
 I know I know, I know, I know, I know, I",0.6424858943912899,0.976910617633027,0.5365504473615795
59,"worked so hard, forgot to vacation, yeah 
 they ""ain't"" never had the dedication, yeah 
 
 I am my the I got you the 
 I think I ain't high, I know trippin I can't 
 I know I know, I know, I know, I know, I know, I know, I know, I know, 
 I know I know, I know, I know I know, I know, I know, I know 
 I know I know I'm gonna I know, I know, 
 I know, I know, I know, I know I know I know, I know, I know 
 I'll catch 
 I get I know, I know, 
 I know, I know, I",0.4881824573725088,1.0,0.525253094465684
60,"i come here today to talk about how i feel 
 and i feel like that to 
 I got to a I feel a 
 And I be you that the 
 I don't to no 
 I ain't you 
 I got you 
 I got never 
 I got I get 
 I dedicate, dedicate, 
 I dedicate, I dedicate, I dedicate 
 I dedicate, I dedicate, 
 I dedicate, I know, I know, I know, I know, I know, I know, I know, 
 I know I know, I know, I know, I know, 
 I know, I know, I know, I know I know, I know, I know, I know, I",0.6352337602643656,0.9861838498828834,0.49298147477022347
61,"lyrics from snippet 
 
 ( ? ) 
 fold that doll like vick, my bed 
 You the 
 
 I don't two a the nigga 
 I don't the to the in 
 I don't you to I lay to 
 All I know is I know is 
 All I know, all fireworks 
 All I know, all fireworks 
 All along things 
 All along things 
 All along things 
 John Wick baow 
 All black, one gunman 
 John Wick, (baow ! ) 
 All black, one gunman 
 John Wick (John Wick) 
 All black, one gunman 
 John Wick (baow ! ) 
 All black, one gunman 
",0.36873129124336557,1.0,0.5060816890552812
62,"yuh, yuh, yuh, aye 
 yuh, yuh, yuh 
 and ""i'm,"" and ""i'm,"" and ""i'm"" ""drippin'"" 
 
 I'm not my the I just 
 I think like take on I'm sick 
 I got I know I know, I know, I'll be on 
 I know, I know, I know, I know, I know, 
 It's like I go 
 
 I been the you I don't up 
 I said I was I wanna I know, I know, I know, I know, I know, 
 I know I know, I know, I know, I know, I know, I know, I know, 
 I know I know I know, I know, I know, I know,",0.5014472837799939,1.0,0.5365027808152367
63,"cmon 
 dance with me baby girl x2 
 cmon 
 dance with me baby girl 
 I got a a I wanna my 
 I don't that on I ain't it 
 I got the I need trippin 
 I rep 
 I dedicate, I dedicate 
 I dedicate, I dedicate I dedicate I know, I know I know, I know, 
 I know I know, I know, I know, I know, I know, I know, I know 
 I know I know, I know, I know, I know, I know, I know, 
 I know I know I know, I know, I know, I know, I know, I know, 
 I know I know",0.5870278840278008,1.0,0.5321752475401847
64,"cashmoneyap 
 
 you’ll never make me lose 
 so why you bragging on me ? 
 You know and ? 
 What going throwin ? 
 Why up throwin ? 
 What's the throwin ? 
 Why 
 
 I know the this the of in 
 I ain't like I don't 
 I wanna even with I get the 
 I ain't I just I should I know, I know, I know, I know, I know, 
 I know I know, I know, I know, I know, I know, I know, I know, 
 I know know shit I know I know, 
 I ain't I had I know, 
 I know I know,",0.42894879621995835,1.0,0.49157424509388054
65,"yeah 
 fuck off 
 bitch, shut up ! 
 
 tempo changed, trapped in the the and 
 We is and my my of 
 
 I can't I know my to 
 I can't I dedicate I know I know, 
 I know, I know, I know, I know, I know, I know, I know, I know, 
 I know I know, I know, I know, I know I know, I know, 
 I know, I know, I know, 
 I know, I know, I know, I know, I know, I know, I know, I know 
 I'm just Los Angeles I got be to I had 
 I got I know I'm like",0.5372398236612288,1.0,0.5417066136304725
66,"attendant: ""that takes a fourteen shot clip 
 you expecting an army ? "" 
 serpico: me I got the you, 
 I was the I got 
 I got I know, I dedicate 
 I dedicate, I know, I know, I know, I know I know, I know, I know 
 I know I know, I know, I know, I know, I know, 
 I know, I know, I know, I know I know, I know, I know I know, 
 I know I know, I know, I know, I know, I know, I know, I know, 
 I know I know, I know, I know, I know I know, I know, I know, 
",0.6569988517087069,1.0,0.5355333881628683
67,"yo nas 
 i ""don't"" think they wanna fuck with this 
 gangsta shit, ""fo'"" ""sho'"" 
 Ain't no you this the 
 
 I know you you 
 I can't wanna you 
 I got I get I need 
 I dedicate, I dedicate, I know, 
 I dedicate, I know, I know, I know, I know, I know, I know, I know I know, 
 I know, I know, I know, I know, I know, 
 I know, I know, I know, I know, I know, I know I know, I know, 
 I know I know, I know, I know, I know, I know, I know, 
 I know I know, I know,",0.6001451349418233,1.0,0.5149895409401516
68,"dr. dre: 
 all you see is the sun, reflecting off of the gun 
 ready gun'll the your the and 
 
 I got a from that 
 I got wanna with cha it 
 I want never like 
 I ain't you on 
 I got the no 
 I don't to 
 I can't it 
 I got 
 I dedicate, I dedicate I dedicate I dedicate I know, 
 I know I know, I know, I know, I know 
 I know, I know, I know I know, I know, I know, I know, I know, (I know) I know 
 I know I know, I know, (I know) I know) (I",0.47600216844711885,1.0,0.496348151956956
69,"i ""don't"" go on dates, i ""can't"" wait, i fuck first day, yeah 
 i ""don't"" the be the and you 
 Go out the you on up 
 On the road that and the 
 We 
 
 You know for 
 I don't the the the 
 The like it 
 And you way 
 And you 
 
 Yeah, was 
 
 I got you I won’t 
 I got I dedicate I know I know, I know, I know, 
 I know, I know, I know, I know, I know, I know, 
 I know I know, I know, I know, I know, I know, I know, I know 
 And if",0.4312306977052093,1.0,0.49800237540254166
70,"waited on you for so long 
 too many days since january 
 ""i'm"" still sitting the 
 
 I swear you're way of it 
 I just this you the 
 But I can sayin I feel that 
 I know I just love 
 
 I dedicate I could I could I know, I know, I know, I know, I know 
 And I know, I know, I know, I know 
 I know, I know, I know, I know, I know, I know, I know, I know, 
 I know, I know, I know, I know, I know, 
 I know, I know, I know I know, I know, I know, I know,",0.5090215379593259,1.0,0.5244593244495157
71,"""i'm"" not sure what i see 
 cupid ""don't"" fuck with me ! 
 are you ? 
 
 I think to a 
 I can't it the my 
 I feel that legs 
 I got and 
 
 I got I want 
 I dedicate, I dedicate I know, I know, I know, I know, I know, If I know, I know I know I know I know I know 
 And I love I know, I know, I know, I know, I know, I know, I know, 
 I know I know, I know, I know, I know, I know, I know, I know, I know, 
 I know I know, I know,",0.44629555984961783,1.0,0.516142310986413
72,"yeah, yeah 
 ""i'm"" gonna take my glock to the old town road 
 ""i'm"" gonna like bitch and 
 And if the su, me 
 And they know the 
 And party and niggas 
 And higher, makes bullshit 
 And party it bullshit 
 And party you bullshit 
 And party it oh-oh 
 And party 
 So 
 
 I got I got to 
 I gotta I dedicate you, 
 I dedicate, I dedicate I know, I know, I know, I know, I know, 
 I know I know, I know, I know, I know, I know, I know, I know, 
 I know I know, I know, I know, I know,",0.4320466962730593,1.0,0.4938718357497117
73,"lyrics from snippet 
 
 run that back, turbo 
 wheezy outta here ! 
 
 We is for to 
 You I won't tokes to 
 I ain't I got 
 I dedicate, I dedicate, I know, I know, I know, I know, I know, I know, 
 I know I know, I know, I know, I know, I know, 
 I know, I know, I know, I know, I'm gonna 
 I know, I know, I know, I know, I know, I know, I know I know, 
 I know I know, I know, I know, I know, I know, I know, I know, 
 I know I know, I know, I know, I",0.5394184600783122,1.0,0.5486629642517229
74,"2-6, fayettenam 
 carolina, southeast shit 
 ""it's"" a carolina thing, from the ""'ville"" to the 
 
 It's a to want you it's 
 In the all of in in 
 It's a the of 
 
 I know a in like I can't my with 
 I feel the I'm wanting for you 
 I don't know it and I ain't you 
 I don't you I got trippin, 
 I know I can't I swear I know, I know I know, 
 I know, I know, I know, I know, I know I know, 
 I know, I know, I know, I know, I know, I know, I know, I know, 
 I",0.44824823324464125,1.0,0.5007501151983372
75,"two cups filled up with easter pink 
 take a minute, rest in peace, to pimp the 
 And I don't you it 
 And I don't know 
 I know it 
 I dedicate, to 
 
 I be I know 
 I dedicate, I dedicate 
 I dedicate, I dedicate I know, I know, I know, 
 I know, I know, I know, I'm gonna I know, 
 I know I know, I know, I know, I know, I know, I know, 
 I know I know, I know, I know, I know I know, 
 I know, I know, I know, I know, I know, I know, I know, I know, 
 I",0.5639455968254505,1.0,0.5163227352964355
76,"lyrics from snippet 
 
 ""ballin'"" ""'til"" ""i'm"" bald, wipe that nair off 
 you ""ain't"" 
 
 I was a I did I know I know 
 I don't I know, I know, I know, I know, I know, I know, I know 
 I know, I know I know, I know I know, I know, I know I know, 
 I know I know, I know, I know, I know, I know, 
 I know, I know, I know, I know, I know, I know, I know, I know, 
 I know I know, I know, I know, I know, I know, I know, I know 
 I know I know, I know, I",0.645272252878169,1.0,0.5604227911441416
77,"used to be a dreamer 
 ""dreamin'"" of a fire 
 
 uh, my mama used engaged 
 I got a to with they 
 
 She get she with my 
 She don't me like 
 She don't me that 
 She say that derby my 
 She be that a 
 She ain't the 
 I wanna her 
 I got her 
 I love 
 I got know 
 I won't I dedicate 
 
 I got I dedicate I know, I know, I know, I know, (I know) I know) 
 But I know I know I'm gonna I know, I know 
 I know, I know, I know, I know, I",0.4162366429380988,1.0,0.5304042437246714
78,"yeah 
 ""i'm"" working on dying 
 
 ""i'm"" upset 
 fifty thousand on my head, 
 Betcha crawl, the 
 
 Hey, niggas I know a 
 Just for day my I feel runnin' 
 I feel gon' I was that I never it 
 I had I was I know, I know, I know, I know, I know, 
 I know I know, I know, I know, I know, I know, I know, I know, 
 I know I know, I know, I know, I know, I know, I know, I know, 
 And I know I know, I know, I know, 
 I know I know, I know, I know, I know, I",0.4576223802926385,1.0,0.5538350731521418
79,"yo ! yuh dun know ! 
 this time when we come in we come fi 
 You you to in to the nothin' 
 You I was it with make 
 But I can't never you 
 And the I know to if 
 
 I thought I got you I got that 
 I need I love, I know, I know, I know, 
 I know, I know, I know, I know, I know, I know, 
 I know, I know, I know, I know, I know I know, I know, I know 
 You I wanna I know, I know, I know, 
 
 I got I know, I know, I know, I",0.4659582241671957,1.0,0.5022585804134325
80,"with all due respect 
 i ""don't"" have pity for you black niggas, ""that's"" the way 
 
 I got nigga the lot the 
 I don't wanna you to 
 I just wanna you 
 I got wanna 
 I got wanna 
 I got it 
 I won't 
 I dedicate, 
 
 I know I want I know, I know, 
 I know, I know, I know, I know I know, I know, I know, 
 I know I know, I know I know, I know, I know, I know, I know 
 I know I know, I know, I know, I know, I know, I know, 
 I know I know I",0.6038457120634139,1.0,0.5220738001043804
81,"yeah, every ""hood's"" the same 
 every ""hood's"" the same, come on 
 
 they give you 
 And I know got you 
 I got all the 
 And I ain't never 
 
 I got the you, 
 I can't wanna I can I might 
 I see I'm gonna I be I know, 
 I know, I know, I know, I know, I know, I know, I know, I know, 
 I know I know, I know, I know, I know, I know, I know, I know, 
 I know, I know, I know, I know, I know, I know, I know, I know 
 I know I know, I know, I know,",0.5604300388756087,1.0,0.535483435974555
82,"midnight love 
 midnight love 
 midnight love 
 midnight love 
 
 midnight love 
 
 I was and I got I got 
 I will I know, I know, I know, I know, I know, I know, I know, 
 I know I'd never to I ain't 
 I promise I can I know, I know, I know, I know, I know, I know, I know, 
 I'm in I know, I know, I know, 
 You a I go ? 
 I know I know, I know, yeah I know, 
 I know, I know, I know, I know, I know, I know, I know, I know, I know, 
 I know I",0.6142186950065857,1.0,0.5387932852340535
83,"you ever get to the point where you so frustrated 
 you ready to give up 
 
 I had a what the my and 
 I just to I was to 
 I ain't I wanna I dedicate I know, I know, 
 I know, I know, I know, I know, I know, I know 
 I know, I know, I know, I know, I know, I know I know, I know, I know, 
 I know I know, I know, I know, I know, I'm gonna 
 I know, I know I know, I know, I know, I know, I know, I know, 
 I know I know, I know, I know, I know,",0.5953428111521843,1.0,0.5481214337857615
84,"(oh lord, jetson made another one) 
 
 i been done ride through another nigga city 
 I got the the on on get 
 I don't the you you 
 I wanna that to the 
 I wanna wanna you a 
 I can't you 
 I can't that 
 I got I dedicate 
 I dedicate, I dedicate, you 
 I dedicate, I love, I know, I know, 
 I know, I know, I know, I know, I know, I know I know, 
 I know I know, I know, I know, I know, I know, I know, I know 
 I know I know, I know, I know, I know I know, I",0.5721710937333923,1.0,0.4998894336751323
85,"yeah, yeah, yeah, ah, ha (cashmoneyap) 
 yeah, yeah, uh, hey, hey 
 i feed the a 
 I am you I got to 
 I know I feel I could 
 I dedicate, I know, I dedicate I know, I know, I know, I know, 
 I know I know, I know, I know, I know, 
 I know, I know, I know, I know, I know, I know, I know, 
 I know I know, I know, I know, I know, I know, I know, I know, 
 I know, I know I know I know I know, I know, I know, I know, 
 I know I know, I know, I know, I",0.67655273065187,0.9859596674522418,0.5124568713915296
86,"edsclusive 
 honorable c.n.o.t.e 
 
 ""i'm"" on my spaceship, takeoff (ooh-ooh) 
 (space, takeoff, space, the 
 I got the from in and 
 I don't want it you 
 I don't my you I go it 
 I ain't that that the 
 I don't I had to 
 I love I dedicate I know, I know, I know, I know, I know, I know, I know, I know, 
 I know I know, I know, I know I know, I know 
 I know, I know, I know, I know, I know I know, I know, I know, 
 I know, I know, I know, I know I know, I know, I know,",0.502222701820173,1.0,0.5322615244475726
87,"i feel like we should just, you know, keep the world in suspense no longer 
 I got the I got no but 
 I ain't trippin, I need everything 
 I ain't I wish I dedicate 
 I dedicate, I know, I know, I know, I know, I know, I know, I know, 
 I know I know, I know, I know, I know I know, 
 I know, I know, I know, I know, I know, I know, 
 I know, I know, I know, I know, I know, I know, I know, I know, 
 I'll be you 
 I'll be you 
 I don't it, 
 
 Do you I live ?",0.5729981008385526,1.0,0.5120567555089313
88,"umm...go head daddy ! 
 we doing it with l....(laughs)....go head baby. who do ya luv 
 
 You I get you on to 
 But I still sayin yeah, 
 I got a you get 
 I don't you you, 
 I don't my nothing 
 I wanna I dedicate 
 I dedicate, I dedicate I dedicate I know, I know, I know, I know, I know, 
 I know I know, I know, I know, I know, I know, I know, I know, 
 I know I know, I know, I know, I know, I know, I know, I know 
 I know I know, I know, I know I know, I know, I",0.5527027058155677,1.0,0.5136910297413224
89,"""i've"" been ""workin'"" this graveshift and i ""ain't"" made shit 
 i wish i could buy are to 
 And I just the that 
 I had you and 
 But I ain't sayin 
 Aiyyo baby know I know you don't you 
 I know why you're 
 I know I love, 
 I dedicate, I dedicate 
 I dedicate, dedicate, 
 I dedicate, I hate I dedicate I know, I know, I know, I know, I know, 
 I know I know, I know, I know, I know, I know, I know I know, 
 I know I know, I know I know I know, I know, I know, I know, 
 I know",0.587470115287211,0.9866819718362788,0.49649921576518735
90,"used to have friends, now i got enemies (ooh) 
 used to keep ""'em"" close, now 
 
 This in give to with 
 And I think to 
 But I'm thinkin' to it 
 
 I know I don't I know, I know, 
 I get I know, I know, I know, I know I know, I know, I know, 
 I know I know, I know, I know, I know, I know, I know, I know, 
 I know I know, I know, I know, I know, I know, I know, I know, 
 I know I know, I know I know, I know I know I know, I know, 
 I know I",0.5786250848719627,1.0,0.5296370344946306
91,"yeah, yeah 
 alright 
 yeah 
 
 smoking rolling reefer up, i adjust the tweakers 
 I bet a you and I be the 
 I just a I ain't trippin, you with I ain't 
 
 I got the I got the that I had 
 I got I got I know, I know, I know, 
 I know, I know, I know, I know I know, I know, I know, I know, 
 I know I know, I know, I know, I know, 
 I know, I know, I know I know, I know, I know, I know, I know, 
 I know I know, I know, I know I know, I know,",0.5790390240983234,1.0,0.5589481994908932
92,"bad dope (bad dope, bad dope) 
 ""i'm"" like a bad drug 
 ""i'm"" a bad me 
 
 You is to ? 
 What I don't you at you 
 I got gonna be 
 I ain't you you 
 I just you the 
 I wanna I dedicate wanna 
 I dedicate, I dedicate 
 I dedicate, I dedicate, I know, I know, I know, I know, I know, I know, 
 I know, I know, I know, I know I know I know, I know, 
 I know I know, I know, I know, 
 I know, I know, I know, I know, I know, I know, I know, I know, 
 I",0.576739175286848,1.0,0.5045657281089035
93,"one love 
 you can let it out 
 you can let it out 
 you love know kit, 
 
 You don't 
 I got 
 I think that I need 
 I don't 
 I dedicate, I could I dedicate, I know, I know, I know, 
 I'm gonna I know I know I know 
 I know, I know, I know, I know, I know I know 
 The I know I know, I know, I know, 
 
 I ain't I know, I know, I know, I know, I know, I know, 
 I know, I know, I know, I know, I know, I know, 
 I know I know, I know,",0.5261452028743576,1.0,0.4987222326916574
94,"one for the money, yes, sir, two for the show 
 a couple of years ago and know the 
 I don't the my to to savages I didn't 
 I get my to for I got my the 
 I got my I won't trippin, I don't 
 I got I know, I know, I know, I know, I know, 
 I know, I know, I know, I know, I know I know, I know, I know, 
 I know I know, I know, I know I'm ballin' 
 I know, I know, I know, I know, I know, I know, 
 I know, I know, I know, I know, I know, I know, I",0.5886308564471503,0.9737580164828394,0.5296940187091749
95,"ghetto guitar 
 run that back, turbo 
 
 i connected all the dots (connected all 
 Turn don't I could the 
 Lie together, you on 
 You in I got, playin’ 
 I ain't never and 
 And you I ain't 
 I got that to 
 But I ain't you 
 And I don't never to I don't do 
 I know I was love I be 
 I wanna I dedicate, I know, I know, I know, I know, I know, 
 I know, I know, I know, I know I know, I know I know I know, 
 I know I'm gonna I know, I know, I know, I know, I",0.41284285259203646,1.0,0.4965211280457268
96,"yeah, yeah, yeah, yeah, yeah, yeah 
 big 14, know what the fuck ""goin'"" on, huh 
 
 You 
 
 The the to I can the 
 I can't the to 
 I don't the 
 I wanna that 
 I got dying 
 I dedicate, 
 I dedicate, 
 I dedicate, you 
 I try, I dedicate 
 I dedicate, I dedicate, 
 I dedicate, dedicate, I dedicate 
 I dedicate, dedicate, 
 I dedicate, I dedicate, I won't I know, I know, 
 I know, I know, I know, I know, I know I know I know, I know, I know, 
 I know I know, I know, I know, I know, 
",0.6098006901841588,1.0,0.5169871334179503
97,"oh, oh, ""don't"" pray for love 
 oh, oh, say it loud 
 just ask the this 
 
 I got the that bitches the 
 I'm in the a 
 I put single no the 
 
 I got the a with the 
 I tell a a I can't too 
 I don't to no I rep the 
 I got the I can trippin, 
 I got I never I know, I love, I know, I know, I know, 
 I know I know, I know, I know, I know I know, I know, I know, 
 I know I know, I know, I know, I know, I know, 
 I know, I",0.4796019683794002,1.0,0.5082810616326745
98,"a girl like you in a world like this 
 a nigga gotta admit, she ""don't"" me 
 We I was the to the 
 I be see I don't 
 I got the I want it 
 I don't I was I dedicate I know, 
 
 I know I know, I know, I know, I know, I know, I know, I know, I know, 
 I know I know, I know, I know, I know, 
 I know, I know, I know, I know, I know, I know, 
 I know, I know, I know, I know, I know I know, I know, 
 I know I know, I know, I know, I know,",0.5816599870983145,1.0,0.506203109531462
99,"no man separate what we create 
 unstoppable, untouchable 
 ""motherfuckin'"" worldwide mob figures 
 death you you 
 
 Wanna do a the 
 You don't for the 
 We Versace, love Versace 
 We know yeah, is 
 Yeah, the a 
 We is 
 
 I got on niggas out 
 We I know the 
 I got scared I got it 
 But I was I get I could 
 I won't I know, I know, I know, I know I know I know, I know, 
 I know, I know, I know, I know I know, I know, I know, 
 I know I know, I know, I know I know,",0.4121306209410128,1.0,0.48957707873351675
