,Pop,PAV,SSV,MSV
0,"""never look back,"" we said 
 how was i to know ""i'd"" miss you so ? 
 how do i say ? 
 
 i love you the way i do 
 i do i do 
 i do i do 
 i do 
 
 i hate to make you feel my own 
 i like the way that you move 
 
 baby i like it 
 baby i like it 
 i like it mare 
 i like it like it 
 
 nanananananana 
 nanananananana 
 nanananananana 
 nanananananana 
 nanananananana baby 
 nanananananana baby baby 
 
 i'm gon' be manicured 
 
 you can be my insomnia 
 you don't",0.5941965175302542,1.0,0.5259273477811964
1,"look at those beautiful eyes 
 she reminds me so much of me 
 starting out of the crowd 
 and i didn't know my heart 
 i wrote you a star 
 i could be the only one who understands 
 and i ain't trying to let you go 
 
 you say you love me i got a man 
 you know you got me 
 you got me hatin' 
 you got me you got me 
 you got me with you 
 you got me 
 you got me 
 you got me 
 you got me 
 you got me 
 
 you got me you got me 
 you got",0.5815691345254763,1.0,0.5007209942417559
2,"chestnuts roasting on an open fire 
 jack frost nipping at your nose 
 yuletide carols in the bucket and 
 i'm not the only one 
 
 i'm just a man 
 i'm a villain and a liar 
 i'm a monster 
 i'm a prima donna 
 i'm a prima donna a prima 
 i'm a prima donna 
 i'm a prima donna 
 i'm a prima donna 
 i'm a prima donna 
 i'm a prima donna 
 i'm a prima donna 
 i'm a prima donna 
 i'm a prima donna 
 i'm a prima donna 
 i'm a prima donna 
 i'm a prima donna 
 i'm a prima donna 
",0.7337498214830119,1.0,0.5117022003603192
3,"if you love somebody 
 put a light in the air 
 from the hood to the s 
 
 
 i wish i could feel the pain 
 i wish i could feel the pain 
 i wish i could feel it all alone 
 i wish i could feel the same way you do 
 and i don't want to hide from the start 
 
 and i know you wanna make a little 
 but when i go to vegas i get my hands up 
 get up get up get up get up 
 
 
 get up get up get up get up 
 get up get up get up get",0.0,1.0,0.5256374784856944
4,"my friend, hmm my love 
 faded, oh 
 
 it was overcast that day 
 i was feeling a woman 
 i woke up in the kitchen 
 i found a new place 
 i found a new love 
 i found a new found a new a new 
 i never knew this never knew 
 and i was living in a heart that i could do 
 
 i wanted to be a star 
 i would be there 
 
 i i would not lie 
 i would have never to let you go 
 i need you to stay stay stay stay stay stay 
 
 i don't want to be",0.40019677975734735,1.0,0.489289933488865
5,"""i'm"" friends with the monster ""that's"" under my bed 
 get along with the voices inside 
 so i'm so shattered 
 
 baby i 
 i know you want me 
 but i want you baby 
 i want you 
 i want you 
 i want you 
 i want you 
 i want you 
 i want you 
 i want you 
 i want you 
 oh 
 i want you 
 i want you baby 
 i want you 
 i want you 
 i want you 
 i want you 
 i want you 
 i want you 
 i want you 
 i want you 
 i want you",0.7718289814226319,1.0,0.5211040336914937
6,"you used to say that ""i'd"" never be 
 ""nothin'"" without you, and ""i'd"" believe 
 
 this is not the only thing it's the only thing i won't be 
 i know i can't even see the state of the world 
 'cause my heart is falling in love 
 and i know that you are the one 
 
 oh i can't keep you on the way 
 and i guess i miss you 
 i miss you so much 
 i miss you so so i do 
 i miss you so so i do 
 i miss you so so i do 
 i miss you so so i do 
 i",0.5381920186607456,1.0,0.5052643962236453
7,"las vegas nights 
 have been calling 
 but i wait to see her float down 
 
 it was the only one i get 
 but i was just the time 
 
 i was broken i was waiting for you 
 and you had a freak of my life 
 and i i i i i i i i i i i i i i i i i i i i i i i 
 i i i i i i i i i i i i i i i i i i i i i i i i i i i i i i i i i i i i i 
 i",0.4145423971006221,1.0,0.5188621614197028
8,"how dare you say that my ""behavior's"" unacceptable 
 so condescending unnecessarily critical 
 i have my swagger 
 with a whole 'nother 
 i just wanna see you 
 you can take me 
 you can run you can hide 
 you can run this 
 but you can't make me 
 you can hide the days 
 and never say that i can see 
 and i know that i can see 
 
 i know that you want me 
 and i know that i love you 
 but i love you so 
 i love you so i love you 
 i love you so i love you 
 i love you",0.49468014069497557,1.0,0.4872028418697102
9,"mr. worldwide ! 
 ha ha ha 
 with the mami, with the sexiest body 
 and if you could be with her 
 she said that she could be so much 
 and i can't be strong 
 i can't be your girl 
 
 i don't want to be a prisoner of you 
 
 if you want me to 
 you can keep me on 
 you won't me 
 
 i'm not gonna stop 
 i know that i can tell it 
 but i can't stand it 
 i just wanna take it off 
 i just wanna take it off 
 
 you feel it 
 i wanna see ya",0.3903355396564437,1.0,0.5006789477535625
10,"(uh huh) 
 what ? 
 
 say you feel alone, that your day was the last time 
 i thought that i would be a prisoner 
 but i never thought that i would be 
 but i hate it 
 
 i just can't get enough 
 i'm not trying to leave a word 
 but i can't believe it 
 
 you know i know i got it i got it 
 
 i got a big ol' booty 
 i got a hole in my head and a little more 
 i just wanna see you strip 
 loosen on the floor 
 and i'm on the edge of the night 
",0.3832490931641984,1.0,0.49795197523731266
11,"come on, come on 
 uh, yeah 
 come on, come on, uh 
 
 i wanna be i'm in love 
 i'm in love with the shape of you 
 i wanna be the one that i want 
 
 all my girls 
 all my girls 
 i want the earth 
 i want my body 
 
 i got the hotness 
 i got a hole in my head 
 i got my own imperfections 
 i got my own imperfections 
 i got my own imperfections 
 i got my own imperfections 
 i got my own imperfections 
 
 i got my own imperfections 
 i got my own imperfections 
",0.5396744589441838,1.0,0.5207980518717598
12,"you wanna please me then get down for ya crown 
 you know they call me you you know i love it 
 
 i love you girl 
 when you do it 
 
 you know i love it i love it i love it 
 i love it i love it 
 i love it i love it 
 i love it 
 i love it 
 i love it 
 i love it 
 i love the way you make me feel 
 i love the way i love the way i love you 
 and i love the way you make me feel 
 i love the way you make me feel",0.6812533934664162,1.0,0.5320027677184007
13,"your beautiful eyes 
 stare right into mine 
 and sometimes i think of you late 
 
 'cause when i walk around and i fall apart 
 you know i need you 
 
 i need you i need you i need you 
 i need you i need you i need you i need you 
 
 i need you 
 i need you 
 i need you 
 i need you 
 i need you 
 and i need you 
 i need you i need you 
 you know i need you 
 and i need you 
 i need you 
 and i need you 
 i need you 
 i",0.6515373079549864,1.0,0.5183805318927439
14,"you know, sometimes being on the road is rough 
 especially loneliness 
 
 girl i know you feel me 
 i know i know you see me 
 nelly i know you really care 
 i know you want me 
 
 i want you 
 i want you 
 don't want you 
 i want you i want you 
 i want you 
 i want you 
 i want you 
 i want you 
 i want you 
 i want you 
 but i guess love don't love me no 
 i love you baby i love you 
 i love you baby i love you 
 i love you baby i",0.7028565528676183,1.0,0.5064958568854346
15,"""aren't"" you ""somethin'"" to admire ? 
 ""'cause"" your shine is ""somethin'"" like a mirror 
 you know the way i feel 
 i know i know i know i know i know 
 you know i know i know i know i know i know i know i know 
 i know i know i know i know i know i know i know i know i know i know i know i know i know i know i know i know 
 
 i know i know i know i know i know 
 i know i know i know i know i know i know 
 
 baby i know i know i",0.5264805851668833,1.0,0.5393136149082965
16,"just remember everything i told you 
 sorry for the pain that i have caused you 
 and i am so anxious you 
 
 i know that you are the one 
 and you know that i love you 
 
 oh oh 
 oh 
 oh oh ohohoh 
 oh oh oh 
 oh oh oh 
 oh oh oh 
 oh oh oh oh oh 
 
 i don't do you anymore oh oh 
 i don't think you want my body 
 i don't think you do 
 
 i don't wanna be rude of you 
 and i don't wanna be the only one 
 but i just wanna make it",0.5754823990690183,1.0,0.5409528208487624
17,"have you ever fed a lover with just your hands ? 
 closed your eyes and i'm so shattered 
 
 it's all gonna be okay 
 don't worry about the time 
 
 yeah 
 and i don't wanna worry 'bout nothing 
 but i don't wanna spend the rest of my days 
 i know that i'm gonna be alright 
 
 
 i need a soldier 
 i need a drink 
 i need a need a 
 
 i need a girl like a boy 
 i need a girl like you 
 i kissed a girl like you 
 
 
 i need a girl like you 
 a girl like",0.0,1.0,0.5119903152501909
18,"momma, ""i'm"" sorry 
 you know i never meant to hurt you, no 
 but ""i'm"" 
 
 i was born to be the one to blame 
 and now i am invincible 
 
 and i see her 
 you know that i'm a liar 
 but i know that i'm not the one 
 
 i'm so dumb i'm so dumb 
 i'm so dumb 
 i'm so dumb 
 i'm so dumb 
 i'm so dumb 
 so happy this road 
 
 i wanna be with you 
 
 so what would you do ? 
 i wanna feel your heartbeat 
 
 i just wanna know if i can 
 i",0.46409741959970835,1.0,0.5193197601257336
19,"are you ready ? 
 you call me on the phone 
 i act like ""nothing's"" 
 
 i just wanna rock you 
 i just wanna and get you naked 
 i just wanna see you strip 
 
 i wanna be your guy 
 i wanna be your favorite 
 
 
 i wanna be with you 
 i wanna be with you 
 i wanna be with you 
 i wanna be with you 
 i wanna be with you 
 i wanna be alright 
 i wanna be your babydoll 
 i wanna be your body 
 
 i wanna be your guy 
 i wanna be your favorite 
 i wanna",0.0,1.0,0.5068381140552616
20,"we touch, i feel a rush; we clutch, it ""isn't"" much 
 but ""it's"" enough to a honeycomb 
 
 everyday 
 there's no one left to be the same 
 i know you see that i'm not the one 
 and it's not a homeless life for me 
 it's not a good one thing 
 
 it's a new thing 
 it's a new flavor it's a new flavor 
 new wave it's a new wave 
 new wave it's a new wave 
 new wave it's a new wave 
 new wave it's a new wave 
 new wave a new wave 
 new wave a new wave 
 new wave a new",0.603586912877955,1.0,0.5339294712403215
21,"ayo, before i start this song, man 
 i just wanna thank everybody for being so much it can go 
 i know you need to be a star and you know i know 
 
 i know that i am possible 
 i love it i love it 
 i love it i love it 
 i love it 
 i love it 
 i love it 
 i love it 
 
 i love it 
 
 i love the way you make me feel 
 i love the way i love it 
 i love the way i love the way i love it 
 i love the way i love the way",0.6433643209592939,1.0,0.5340933218305516
22,"you got me singing 
 shoo-doo-doo 
 shoo-shoo-doo-doo 
 very good 
 because of love 
 i'm ripping with you 
 
 i'm not in love 
 i'm not in love 
 i'm not in love 
 i'm not in love 
 i'm not in love 
 i'm not in love 
 i'm not in love 
 i'm not in love 
 i'm not in love 
 i'm not in love 
 i'm not in love 
 i'm not in love 
 i'm not in love 
 i'm not in love 
 i'm not in love 
 i'm not in love 
 i'm not in love 
 i'm not in love 
 i'm not in love",0.8134440359272053,1.0,0.5346567191091541
23,"baby, ""it's"" not alright 
 the second that you turn your back, ""she'll"" be outta sight 
 
 i just wanna be your girl 
 i just wanna be your girl 
 and i can make your wish come true 
 if you let me treasure you 
 if you let me treasure you 
 you are my treasure 
 you are my treasure yeah you you you you are 
 treasure that is what you are 
 honey you're my golden star 
 you know you are my treasure 
 you are my treasure 
 you are my treasure yeah you you you you are 
 you are my treasure you are my treasure 
",0.5648602677833781,1.0,0.5091207530394426
24,"la la la la 
 la la la la 
 la la la la 
 la la la la la la 
 la la la la la la la la la la la la la 
 
 so i could be your girl 
 but i won't be your man 
 you can be my insomnia 
 you can run you can hide 
 you can run you can run 
 you can hide 
 you can run free 
 you can find a different time 
 i will not let you learn 
 i will be the one 
 i'll be the one who takes you home 
 i'll be your one one one one",0.6122610253060539,1.0,0.532738999162408
25,"uh uh 
 check it, check it 
 uh uh uh 
 i, love you and i can breathe 
 
 i said i'm sorry 
 i can't live without you 
 i can't get enough 
 i can't get enough 
 
 
 i don't have to be afraid 
 i don't want to be alone 
 i don't want to be alone 
 i don't want to be alone 
 i don't want to be alone 
 
 i just want to be wanted 
 i want to be your girl 
 i want to be your man 
 you know that i am your leader 
 but you don't wanna be alone 
",0.0,1.0,0.495480930702042
26,"baby, forget about me 
 just tell me what you want 
 
 i wanna freak you 
 you know i want you 
 and i want you 
 
 i want you 
 i want you 
 i want you 
 i want you 
 i want you 
 i want you 
 i want you 
 i want you 
 i want you 
 but i guess love don't love me no 
 i love you baby 
 i love you baby 
 i love you 
 i love you baby 
 i love you 
 i love you 
 but i guess you don't have time for me 
 
 i don't need",0.7085759378481618,1.0,0.5192230126012501
27,"i always thought it was you 
 you always thought it was me 
 we always knew all that you kissed me 
 
 i know what you came here to see 
 what you doin' ? 
 
 so what you know what you do 
 i got a little bit of me 
 you got me confused 
 
 i'm gonna be a selfish world 
 i'ma be alright 
 i'm gonna be alright 
 
 i know that you love me 
 i love you still still here 
 but i'm not keeping up my way 
 i know that you better be gone 
 
 i know you don't know how 
",0.42183173556087616,1.0,0.5307253250259901
28,"din daa daa, din daa daa, din daa daa, oh whoa 
 din daa daa, din 
 
 
 the power is ticking 
 the a line like a dungeon dragon 
 the club is ticking on the ground 
 
 i wanna take you to the ground 
 i wanna take you all night 
 i wanna do you want me to see your body 
 i want you to know what i got 
 
 i want you to know what i want 
 i want you to know 
 i want you to know 
 i want you to know 
 i want you to know 
 i want you to know 
",0.0,1.0,0.5382313894574309
29,"""i'm"" ""comin'"" up, so you better get this party started 
 ""i'm"" ""comin'"" up, so you see me 
 
 i keep on trying 
 i thought i thought i'd be in my head 
 i would be sad 
 i'd be there when i met you 
 i thought i'd be alone 
 i'd never be you 
 i don't know why i'm fighting for you 
 i can't believe you 
 
 oh i know you think that you are my type 
 when i see you watching you 
 
 when you look at me when i'm alone 
 when i look at you when i look at you 
 i see you",0.4392190243062448,1.0,0.4977455908032354
30,"""i'll"" show you all of the places ""i'm"" dreaming of 
 ""i'll"" take you to the river 
 i want you to burn it down 
 
 you know what i love now 
 
 i know you love me 
 and i love you 
 but you love me 
 but i love you so 
 so i do 
 but i love you so 
 and i love you more 
 
 i love you i love you 
 and i love you girl 
 i love you 
 i love you i love you 
 i love you 
 i love you 
 i love you 
 i love you 
 i love",0.6375267849182029,1.0,0.5068482093020994
31,"""i'm"" walking behind you 
 calling the way you 
 give away all your secrets 
 
 
 i can see you i can see it 
 but i just can't get enough 
 
 i just wanna get it 
 i wanna get it 
 i wanna get it 
 i wanna get it 
 
 i wanna do it 
 i wanna make you wet it 
 like a bird and a buffet 
 like a big deal like a liquor 
 rampapapampam rampapapampam 
 
 i know you wanna be willing 
 in the air 
 and i was born in a sea 
 and i was living in a heart of glass",0.0,1.0,0.4980848186538
32,"""i'll"" find the places where you hide 
 ""i'll"" be the dawn on your worst night 
 and your heart's in the sky 
 and you were the one who had my heart 
 
 baby can you help me 
 and i can feel the love i can feel your face 
 i can feel my heartbeat 
 and i can feel it like this 
 and i know that i'm good 
 i know that you're beautiful 
 
 
 i don't want to explain 
 i don't wanna go for no more 
 i don't wanna know that babe 
 
 i don't wanna go to sleep 
 i don't wanna go back",0.0,1.0,0.5116427831071495
33,"so sugar, on my tongue 
 sour sweat sweet skin i was that 
 ""we've"" been so far away 
 i was born to be the one i came to be 
 
 i'll be your love your love 
 i'll show you the ropes 
 i'll show you the ropes one 
 more dance 
 
 i want you to stay and i want you to stay 
 i want you to stay 
 
 you know i got the bad 
 you got the bad 
 i got it bad 
 
 got that dirrty 
 got some things 
 and i got it 
 i got it all night 
 i got it",0.45488173191406683,1.0,0.5135142129857573
34,"la la la la la la 
 yeah 
 la la la la la la 
 la la la la la la 
 la la la la la la la la la la la 
 la la la la la la la la la la la la 
 la la la la la la la la la la la la la la la la la la 
 
 i know that you don't know me 
 i can't get you off my mind 
 i am stained 
 
 i can't get no satisfaction 
 i can't get no satisfaction 
 satisfaction 
 i'm not the type 
 but i don't think i'm not alone 
",0.5111770384562314,1.0,0.5142425244030004
35,"""you're"" my shining star 
 that is what you are 
 there is no one like me 
 i need you more than you are you are 
 you are my love my love my love 
 you make me love 
 
 you make me feel 
 and all i want is you 
 you make me wanna 
 you make me wanna 
 you make me wanna 
 you make me wanna 
 you make me wanna 
 you make me wanna 
 you make me wanna 
 you make me wanna 
 you make me wanna 
 you make me wanna 
 you make me wanna 
 you make me make me wanna",0.7115524472382241,1.0,0.5104312330417694
36,"your hesitation speaks to me louder than million words per minute 
 i was born to bring 
 
 it's almost blinding 
 this is the remix 
 i don't know why 
 i don't know why 
 i know 
 i don't know what to do 
 i don't know what to do 
 but to be alright 
 
 i know i know i know i know 
 i know i know i know i know i know i know i know 
 
 i know that you want me 
 and i know i know i know i know i know i know i know i know i know i know i know",0.4861105179031769,1.0,0.5196234508694503
37,"don (don) 
 mariah (mariah) 
 (ayy ! ) oh 
 mariah (mariah) 
 carey (woo) 
 
 i see you and i wanna see you 
 and i know that you wanna go 
 you wanna be with me 
 you need to be free 
 and i can be your hero 
 you can be my insomnia 
 you can be my whoaaa 
 you can be your baby 
 and i can be your groupie 
 
 i know you can do things 
 that you can do 
 
 don't know how much you don't know 
 don't know how to act 
 i don't know how to act 
 
 i",0.49130839988373404,1.0,0.5159461233240918
38,"never thought that ""i'd"" say 
 i wish i ""didn't"" love you ever since the first time 
 i could be the one who gives me 
 i want the love of my life 
 
 you need me 
 as much as i can 
 and you need me 
 
 i just can't figure out 
 i just need to get in line 
 i need to get in line 
 i don't wanna be the same 
 i don't wanna be the only one i need 
 i wanna be with you 
 i wanna be with you 
 i wanna be with you 
 i wanna be with you 
 i wanna",0.5228386047745243,1.0,0.5103033802857617
39,"state the obvious, i ""didn't"" get my perfect fantasy 
 i realize you love yourself more 
 
 i don't wanna talk about you 
 i don't wanna ever grow up 
 i don't wanna ever grow up 
 i don't wanna ever grow up 
 i don't wanna ever grow up 
 i don't wanna ever grow up 
 i don't wanna ever grow up 
 i don't wanna ever grow up 
 i don't wanna ever grow up 
 i don't wanna ever grow up 
 i don't wanna do it 
 i don't want you to please me 
 i don't want to be alone 
 i don't want to lose 
 i",0.722394513748049,1.0,0.5272619327954501
40,"mr. worldwide to infinity 
 you know the roof on fire 
 we ""gon'"" boogie oogie 
 i see you 
 and i got a feeling that i want you 
 i want you girl and i want your body 
 
 i want you to know 
 what i want to do 
 i want you to know 
 you know what i need 
 i want you to know 
 
 you know that i need you 
 and i know you need me 
 and i need you 
 i want you 
 i want you 
 i want you 
 i want you 
 
 so i want you to know 
",0.5414393114064682,1.0,0.5007805534030134
41,"rock rock rock 
 
 swing baby swing, ""you're"" playing with my can 
 and it takes a little bit of peter pan 
 ooh i miss you 
 that i was prepared 
 to give you a little bit more 
 
 i was so young 
 you was the one who loves me 
 but i was almost just a liar 
 
 i was just a hustler 
 i was the only one who loves you 
 i was born to be 
 
 i don't know what to do but i don't know what to do 
 we had to be with you 
 
 i was buggin' 
 i was listenin'",0.3619569900989744,1.0,0.49185760128159906
42,"late last night 
 i told you 
 i cannot do this 
 i cannot hold you 
 i'll be there 
 
 if you know what i mean 
 typical average teen 
 
 i know you know i know i know i know 
 i know i know i know i know i know 
 but i know 
 
 and i don't wanna be alone 
 i just wanna be your favorite 
 i just want to be your girl 
 i just wanna be your girl 
 and i can be your one one one one one one one one time 
 
 are you doin' your thing ? 
 are you",0.44262745922156854,1.0,0.5146129435104586
43,"what’s your suggestion for the night 
 should i turn off or maybe leave on the other side 
 
 so i traveled it like i'm in the middle of the night 
 i can see you in my head i see you 
 in my head you fulfill my fantasy 
 when i think of you 
 
 and i just wanna see you strip 
 you're the one i need i wanna love 
 
 i wanna love one thing 
 i wanna love you 
 i wanna love you 
 i wanna love you baby 
 i wanna love you 
 i wanna love you 
 i want you to stay 
 i",0.5349482522571433,1.0,0.4938183715059761
44,"once upon a time, a few mistakes ago 
 i was in your sights, you got me in 
 
 i don't want to cry 
 i don't want to go 
 i don't want to stop 
 
 i don't want to be with you 
 i don't want to be alone 
 i don't want to be alone 
 
 but i know i don't know what to do 
 i don't know what to do 
 so i don't know what to do with it 
 you know what i came to do 
 you know what i came to do i know what i came to do 
 i don't know what",0.608393104802412,1.0,0.5096441932971978
45,"it’s the middle of the week 
 i’m just driving home 
 the sun’s going down 
 and you don't know what to do 
 you don't know what to do 
 you don't know what to do with it 
 i don't know what to do 
 cause you know how to do it 
 i can't do it no 
 
 
 i know i know i know i know i know i know 
 but i know 
 
 i know i know i know i know i know i know i know i know i know i know i know i know i know i know i know i know i know",0.0,1.0,0.5207638504821764
46,"oh holy night 
 the stars are brightly shining 
 it is the night of our lives 
 
 i wish you would 
 i wish you would i wish you would 
 i wish you would 
 i wish you would i wish you would 
 i wish you would i wish you would i wish you would 
 
 i wish you would 
 
 i don't know what to say 
 i don't know what to do 
 i don't know how to act 
 i don't know how to act 
 i don't know how to act 
 i know how to act 
 i know how to act 
 i want",0.658918121326372,1.0,0.5233892384908184
47,"dem-dem-dem-dem dem-dem 
 dem-dem-dem-dem 
 dem-dem-dem-dem dem-dem 
 dem-dem-dem-dem 
 
 uh, ""i'm"" in my prime, 
 my name is 
 my hump my hump my hump 
 my hump my hump my hump my hump 
 my hump my hump my hump my hump 
 my hump my hump my hump my hump my hump 
 my hump my hump my hump my hump 
 my hump my hump my hump my hump my hump 
 
 i like em boots and i like it 
 i like it i like it 
 i like it i like it 
 i like it i like it 
 
 you know i like it ooh ooh",0.6786425353736165,1.0,0.5382399629729979
48,"tell me why are you only good to me 
 when ""i'm"" bad to you ? 
 
 how did you have to be my man ? 
 i just need a soldier i can be your soldier 
 i can love you 
 i can make you mine 
 you can come and make me a little more 
 
 you can put your number on me 
 you can let me let me be let me 
 you gotta know you wanna be with me 
 
 i wanna be with you 
 i wanna be with you 
 i wanna be with you 
 i wanna be with you 
 i wanna be",0.5588646830621271,1.0,0.522011782879055
49,"""let's"" party ! 
 
 imagine the backstreet boys 
 here with the neptunes 
 call me the 
 let's begin 
 
 i don't want to be with you 
 i don't want to be alone 
 i don't want to be alone 
 
 i can't be without you 
 i can't be no no no no 
 can't be now no no no 
 
 you're no good 
 it's no big deal 
 no good one child 
 ain't nobody since you 
 
 you know i love you 
 
 yeah 
 but i don't really care about 
 
 and i can't believe that i could have it all 
",0.42340340585008246,1.0,0.5224183055042663
50,"shakespeare 
 mr. 305 
 this is to them boys that be in the club that i love 
 that you never had no way to get a little bit 
 you know i just bounce to the club 
 you gotta know 
 who you want to do 
 you know what i like 
 
 you see what i want you 
 you know what i like 
 
 i'm a motherfuckin' starboy 
 i know you like it 
 you know what it feels like 
 i'm so into you ayy 
 i wanna know that you want me to 
 i want you to know 
 
 you know i got you",0.439495089869423,1.0,0.5052124536422138
51,"say ""you're"" sorry, that face of an angel 
 comes out just when you need it 
 i need your love 
 
 you said you loved me 
 i need you to stay 
 i need you 
 
 you know you know that 
 you know that i know you know 
 girl 
 girl i know you 
 i know you know i know 
 
 i know i know i know i know i know i know i know i know 
 
 i know you know i know i know i know i know 
 i know you know i know i know 
 
 oh baby baby baby baby baby",0.45799294054483725,1.0,0.508582555610046
52,"when i was very young 
 nothing really mattered to me 
 but making myself happy 
 i can't believe it 
 and i can't get enough 
 
 i know that i know that it might be a good girl 
 i know that i know that i know that i know 
 
 i know that you love me 
 your love my love 
 you know you love me 
 
 i love you i love you 
 i love you 
 but i guess you don't have time to be alone 
 you got me thinkin' i got me 
 i got you 
 
 i got you under my skin 
",0.43251474163383313,1.0,0.5005714451926239
53,"please tell me what is taking place 
 ""'cause"" i ""can't"" seem to find a trace 
 i don't know where i'm at 
 
 and i know that you got me gone 
 
 i just need you to be free 
 and it ain't no longer allowed 
 not i'm supposed to be able to be 
 
 i know that i could be better than this 
 that i know that i know that i know that i know 
 
 i know i know i know i know i know i know i know 
 
 you know i know i know you know 
 
 do i do what i do",0.37031583575106813,1.0,0.5054703113865698
54,"if you want it to be good girl 
 get yourself a bad boy 
 (yeah 
 
 imagine a beautiful liar 
 a beautiful liar 
 just a little bit love 
 
 so you think i really don't know how 
 i know i tend to pretend 
 
 i do not know you own my life 
 baby i know you love me 
 
 
 go go go go go go go 
 go go go 
 go go go go 
 go go go go 
 
 go go go go go go 
 go go go go goooo 
 go go go go go go 
 go go go go",0.0,1.0,0.5408548699978054
55,"swear it ""isn't"" real 
 i like the way it looks 
 but i hate the way i love it 
 i love the way you lie 
 
 i love the way you make me feel 
 i love the way you make me feel 
 i love the way you make me feel 
 i love the way 
 i love the way i love the way i love the way i love the way 
 i love the way i love the way i love the way i love the way you make me feel 
 i love the way i love the way you make me feel 
 i love the way",0.6986211060881983,1.0,0.5088979468283282
56,"someday, ""i'm"" gonna get it right, my life 
 someday, ""i'm"" gonna figure it out, maybe 
 and my name is notorious 
 
 and you know you believe in me 
 you know that you know me 
 
 you can still feel it i can 
 i can feel it i can feel it 
 i can feel it i can i can i can i 
 i can i can i i can i i can i 
 i i i i i i i i i ii 
 i i i i i i i i i i i i i 
 i i i i i i i i i i",0.589641562814158,1.0,0.5507952164083152
57,"you took my heart, and you held it in your mouth 
 and with a word and i 
 i like the way you move 
 i like it like that 
 i like how it feels 
 i like it i like it 
 i like it like it 
 i like it i like it 
 
 i like it i like it 
 i like it rough 
 i like it rough 
 i like it rough 
 i like it rough 
 
 i love it i love it 
 i love it i love it 
 i love it 
 i love it i love it 
 i love it i",0.7227138454599622,1.0,0.5195225250303399
58,"bass (uh) 
 hi-hat (uh) 
 808 (uh) 
 jay (uh-huh, ready, uh-huh) 
 ""let's"" go 
 
 i was a little bit 
 i was a little bit of person 
 and i was a man 
 i was so young 
 a million miles an hour 
 i was blinded in a feelin' 
 but i was living in a picture 
 i'm feeling like 
 i'm going to extremes this 
 i can't seem to keep this 
 
 i can't believe this was a moment 
 i can't help myself 
 i wouldn't believe 
 it was a perfect illusion 
 mistaken to my very own time 
 and i was born",0.3606357240700301,1.0,0.4763001846832872
59,"this next song is made popular 
 by incredible jackson 5 
 and ""it's"" always been in the dark 
 you don't know i don't know 
 
 you know i know you know 
 you know you know you know 
 you know you know know know 
 
 i want you bless you 
 and i want you 
 i want you 
 oh oh 
 
 i want you to know i want you 
 i want you to know i want you 
 i want you 
 
 don't want you back 
 i want you back 
 why can't i give it back ? 
 
 i don't wanna be a",0.49679470097126827,1.0,0.5066931246851978
60,"kiss it, kiss it better, baby 
 kiss it, kiss it better, baby 
 
 been in a woman i just wanna love you 
 i want you to know that i need you 
 but i love you oh 
 
 i love the way that you love me 
 but now i know what you do 
 
 i am gonna tame you honestly 
 will you be my girlfriend 
 
 i wanna be with you 
 i wanna be with you 
 i wanna be with you 
 i wanna be with you 
 i wanna be with you 
 i wanna be with you 
 i wanna be with you 
",0.6113911897254931,1.0,0.5222318955627486
61,"you from new york 
 you are so relevant 
 you reduce me to cosmic tears 
 
 you know what i mean 
 i'm a slave 
 a star 
 i know that i am a liar 
 
 so i'm not in love 
 i'll never let you go 
 and i'll never let you go 
 never let you go 
 
 i woke up and i 
 i wanna love you 
 i wanna love you 
 i wanna love you 
 i wanna love you 
 i wanna love you 
 i wanna love you 
 i wanna love you 
 i wanna love you 
 i wanna love you 
",0.5859574425264936,1.0,0.5211248506806574
62,"""don't"" turn out the lights now ! 
 ""don't"" turn out the lights now ! 
 
 i got a lot of women in my feet 
 i need a stack and a 
 
 but the bad little thing called 
 i got a new party 
 but i got a feeling yeah 
 i got a feeling that i want it 
 i got a feeling that i got that i got 
 i got the best of my father 
 
 you got the moves 
 but i got the best 
 with you 
 
 if you don't want it 
 you only want me 
 if you don't want me 
",0.46626729547186335,1.0,0.5179307588653205
63,"i gave my heart to you 
 i gave up my friends like you said i don't know anymore 
 
 i don't want to fight 
 i don't want to hide 
 i don't want to fight 
 i don't wanna go nowhere i don't wanna go here 
 i don't wanna go nowhere i want to go 
 i want you to know i want you to know 
 
 i want you to know i want you to know 
 i want you to know i want you to know 
 
 you know that you wanna come on 
 down your glass 
 
 i wanna look at you 
 
 i",0.499781815503346,1.0,0.5156659381573008
64,"going back in time when i feel her 
 she touching me, ""it's"" too familiar 
 and she's got me at a bad girl 
 and the one that makes me wanna come true 
 i want you to know that i want you to know 
 i want you to know i want you to know 
 i want you to know what to do 
 
 oh oh oh 
 oh oh oh oh oh oh oh oh 
 
 oh oh oh oh 
 oh oh oh oh oh oh oh 
 oh oh oh oh oh oh 
 oh oh oh oh oh oh oh 
 
 oh oh oh oh oh",0.5859258773660929,1.0,0.538721555517166
65,"ayo, look like ""i'm"" ""goin'"" for a swim 
 dunked on ""'em,"" now ""i'm"" ""swingin'"" off 
 
 i got my own imperfections 
 i got a hole in my head 
 i got my own imperfections 
 and i got a feeling 
 i got a feeling that i got a problem 
 i got a feeling that i got the best one 
 i got the hotness 
 
 i can't help 
 i can't stop thinking about you 
 thinking about you 
 'cause i can't get enough of you 
 
 i can't get enough of you 
 and i can't stop thinking about you 
 i can't hold you 
 but",0.4548776973707386,1.0,0.5008912454142515
66,"oh, woah, oh 
 yeah, yeah 
 
 i only miss you when ""i'm"" breathing (uh) 
 i never thought i'd fall in love with you 
 
 i just wanna see you strip 
 you wanna stay 
 just wanna play with me 
 so you can make me cry 
 you can take me down 
 i can see you run 
 you can run 
 you can run 
 you can run run 
 you can run 
 you can run 
 
 you can run run away 
 you can hide from the sun 
 
 you need to be the one that you want 
 
 i need you to know",0.5225621591657853,1.0,0.5202375404585561
67,"alone 
 lying, thinking 
 last night 
 how to find my soul a home 
 and all the plans that i would know 
 
 i know that you don't know 
 if you don't know that 
 i don't know how to act 
 i don't even care 
 
 i can't believe i don't care 
 i don't care 
 i don't care 
 i don't care 
 no more 
 
 i don't care i don't care 
 i don't care i don't care 
 no more 
 
 i just want to be your girl 
 i just wanna be your favorite 
 i just wanna be your girl 
 i",0.45951443332482667,1.0,0.5134023548698143
68,"hehehe ! yeah, b ! 
 talk ""yo'"" shit ! hehe (partner, let me upgrade you) 
 
 i love the way you flashin' 
 i love the way you touch me 
 i love the way you make me feel 
 
 it's a shame 
 it's a long way 
 it's a long way 
 and it's a long way 
 we don't need no holiday 
 we don't care we don't care 
 i don't care 
 i don't care 
 i don't care 
 
 
 i just can't refuse my mind 
 i can't get no satisfaction 
 i don't think that i can 
 
 i just want to be",0.0,1.0,0.5445128306798576
69,"it takes a lot to know what is love 
 it is not the big things, 
 
 you know what i mean 
 you see me 
 
 i don't think you can 
 i don't wanna know 
 don't want you to know that i want you to know 
 i want you to know that i want you to know 
 
 i want you to know 
 i want you to know 
 you know that you want me 
 
 do you want me to 
 you know i want you 
 but you know that i want you 
 yeah you know i want you 
 
 i don't wanna",0.5246692030821738,1.0,0.5128298821400004
70,"all my people in the crowd 
 grab a partner take it down 
 ""it's"" me 
 i feel a little dangerous 
 and i don't know what you do 
 and i know i know i know i know i know 
 
 i know you know i know i know i know 
 you know i know i know i know i know i know i know i know 
 i know i know i know i know i know 
 i know i know i know i know i know i know i know 
 
 i know i know i know i know i know 
 i know i know i know",0.5279008433389385,1.0,0.5080461554937669
71,"he was my best friend 
 well, i tried to help him 
 but he traded 
 and i was blinded 
 i was so broke 
 i didn't speak like that 
 i was back with the latest during 
 
 i had a way to be the president 
 
 i said i guess i was a kid 
 i was so unsure 
 and now i know it 
 
 you know that i can't go on 
 'cause i ain't got no time to waste 
 
 i don't wanna be alone in the face of your love 
 i just wanna be the one for you 
 and i never thought",0.35906082226132036,1.0,0.4758385840444253
72,"this is one small step for woman 
 one giant leap for woman-kind 
 
 ""i'd"" 
 
 i know you need to take a ride 
 i can feel it on my shoulders 
 i can see it in the mirror 
 i can see it in your eyes 
 i know that you wanna leave 
 but you don't even know what i do 
 you don't know what you mean to me 
 i don't know what to do 
 
 i was a fool and a man 
 i was a little bit of 
 i was a little bit of me 
 i was a little bit of me 
 oh",0.4994357357638821,1.0,0.5202945499927124
73,"i mean... 
 ush, is this what it comes to man ? 
 this how we do it 
 it's the truth 
 
 it feels like we were seventeen 
 i was a looking for you 
 i was so weak 
 
 and i was in the way i did 
 i was living in a heart of glass 
 i was living in a heart of glass 
 
 i was living in a heart of glass 
 and i was a man 
 i was just a man 
 oh i was a kid 
 oh i was born to be 
 
 i was ready to take you home 
 and",0.443262448030792,1.0,0.5237635159482393
74,"ripped denim, baby, ""how'd"" you fit ""'em"" ? 
 baby, dipped in venom, baby, ""killin'"" ""'em,"" 
 you had a message in the club 
 you go back to the sofa 
 you are the best of my dreams 
 
 you are my treasure 
 you are my treasure 
 you are my treasure 
 you are my treasure 
 you are my treasure 
 you are my treasure 
 you are my treasure 
 you are my treasure 
 you are my treasure 
 you are my treasure 
 you are my treasure 
 you are my treasure 
 you are my treasure 
 you are my treasure 
 you are my treasure yeah",0.7986350203216183,1.0,0.5158089408486639
75,"yo, i am such a dancehall queen 
 i think somebody painted these pants on me 
 in the flesh 
 and i guess i thought i was the last time 
 i wish i could feel the pain 
 i wish i could feel it all alone 
 i wish i could feel things in my life 
 i wish that i could feel it in my time 
 i wish i could feel it all again 
 
 so i'm offering 
 i don't know what to do 
 what to do 
 i'm not your lady 
 i ain't got no other option 
 you're so right 
 
 you're so excited 
",0.3970131462140323,1.0,0.4865954561703624
76,"speaking in tongues 
 yaba-diba-diba-da-da 
 voila, ""i'm"" killing this--caca 
 call up lady gaga 
 
 so i can see it happening 
 you got the best of me 
 you got a bad thing 
 you got a bad bad bad 
 but i got a bad bad bad 
 bad bad bad bad 
 bad bad bad bad 
 bad bad bad bad bad 
 bad bad bad bad 
 bad bad bad bad 
 bad bad bad bad 
 bad bad bad brown 
 i got a bad bad bad 
 bad bad bad bad 
 bad bad bad bad 
 bad bad bad brown bone 
 bad bad bad bad brown",0.6383865395721207,1.0,0.5292365833844276
77,"yeah, as i stumble into the night 
 ""we're"" touching, but i feel like you are the only one 
 i can see you on the way 
 and i know you wanna be with me 
 i know you wanna be with me 
 you need to be with me 
 i need to be the one that i want away 
 
 i just want to be your girl 
 i just wanna be your favorite 
 i just wanna be your favorite 
 i just wanna be your favorite 
 i just wanna be your lady 
 i just wanna be your favorite 
 i just wanna be your lady 
 i wanna",0.6386794671845751,1.0,0.5124089565119088
78,"watch this 
 
 these are my confessions 
 just when i thought i said all my tears 
 i don't know if i could tell her 
 
 i know what i do 
 and i know what i feel 
 and i know 
 
 i got a lot of ways 
 and i got a few things 
 got a good lot in 
 i got a few attitude 
 i got a hole in my head 
 and my heart is racing 
 i’m blazing out of the window 
 so tell me why you want me to 
 
 
 all i want is you 
 all i want is you",0.0,1.0,0.5065279419543472
79,"ooh ooh ooh, ooh ooh ooh 
 ooh ooh ooh, ooh ooh ooh 
 i lied, you 
 
 i can see it happening in my head 
 i see you watching me 
 
 i know you feel my nightmares i know you want me 
 you know i know you know you know 
 i know you know that i know you know 
 
 
 i know you wanna be so fine 
 i wanna be with you 
 i wanna be with you 
 i wanna be with you 
 i wanna be with you 
 i wanna be 
 i wanna be with you 
 i wanna be with you 
",0.0,1.0,0.5203003973177035
80,"""i'm"" walking uphill both ways, it hurts 
 i bury my heart here in this dirt 
 you wanna put your hand on my pants 
 put your hand on my waistline 
 i love you i love you 
 i love you 
 i love you 
 and i love you 
 i love you 
 i love you 
 i love you 
 i love you 
 i love you 
 i love you 
 i love you 
 i love you 
 
 i love you 
 i love you but i love you 
 i love you 
 i love you 
 i love you 
 but i guess you don't have",0.7748546277088745,1.0,0.5145417972623502
81,"whoa whoa, no whoa 
 whoa whoa, whoa oh 
 
 mmh, ""she's"" staring at me, 
 
 
 i feel like a motherless of other 
 i can hear the heavens i hear you 
 
 you know i'm gonna love you 
 i love you 
 
 i love you 
 i love you baby 
 i love you 
 i love you 
 i love you 
 
 love me 
 in my heart 
 
 i wanna be with you 
 girl i wanna be with you 
 i wanna be with you 
 girl i wanna be with you 
 i wanna be with you 
 i wanna be with you",0.0,1.0,0.5326381734009369
82,"i told, i told, i told myself again 
 ""i'm"" never running back on what i have 
 
 i ain't never gonna get no sleep 
 'cause i i i i i i i i i i i i i i i i i i i i i 
 i i i i i i i i i i i i i 
 i i i i i i i i i i 
 i i i i i i i i i i ii 
 i i i i i i 
 i i i i i i i i i ii 
 
 i i i i i i i i i i",0.540810820882022,1.0,0.5595990306756076
83,"""you're"" copycat, get back 
 ""i'm"" always on your mind 
 take a photograph like that 
 if you don't want the crown 
 
 i know your name is 
 so come on 
 i'm goin' on 
 i'm gonna keep on moving on 
 
 passionate 
 i'm moving on 
 i can't believe 
 what you don't say 
 i just can't get enough 
 
 'cause you should ever ever ever ever feel 
 like i'm not gonna let you go 
 i ain't gonna lie 
 
 i got some things i got 
 i ain't trippin' about it 
 i got no money to you 
 i ain't trippin' 
",0.31160506406318084,1.0,0.4906689138604801
84,"bubble pop, bubble pop, bubble pop, bubble pop, bubble pop 
 
 you might think ""it's"" i got the seed 
 they could have the patience 
 i ain't trippin' 
 just a little more 
 
 i know what i am 
 i know i know i know i know 
 i know i know i know i know i know i know i know i know i know i know 
 i know i know i know i know i know i know i know 
 but i know i know i know i know i know i know i know 
 
 it ain't no way to you 
 you got my heart",0.4792726154315942,1.0,0.5397118863488973
85,"check it out now 
 uh, check it out now 
 check it out now 
 check it out 
 
 i've been here before 
 i never lied 
 i thought i was the man 
 i was so unpredictable 
 i didn't wanna be your side 
 and you were my protection 
 when you walked in my arms 
 you gave me your love 
 your love 
 you got the key to love 
 you got all the things you do 
 you got my heart 
 
 i'm glad i know you think twice 
 i'm going to be your life 
 i'm gonna be alright 
 be alright 
 
",0.0,1.0,0.4900527786636451
86,"like a bitch out of order 
 like a bat out of hell 
 like a strobelight 
 and i know that i know 
 this is the end 
 i know i just need to be your soldier 
 
 i don't want to be alone 
 i can't be your girl i can't be your girl 
 no no no no 
 i can't be your girl 
 no no no no 
 
 it's just another day 
 i want you to know 
 and i want you to know i want you 
 
 i want you to know that i want you to know 
 i want you to know that",0.38015554589019906,1.0,0.5023040873897646
87,"clap for her, clap for her 
 cause they don’t make ""'em"" like her no more 
 i like them asian like i like how i like i like that 
 
 i like it rough 
 i like it rough 
 i like it rough 
 i i like it i like it 
 i like it rough 
 
 rotate 
 
 i love it when you come on my swag 
 you know the price i never knew 
 you had a dream 
 like a child 
 
 you love me but i know you love me 
 i know you love me 
 i love you 
 i love you 
",0.545839110479213,1.0,0.5293519356624586
88,"""i'm"" so glad you made time to see me 
 ""how's"" life ? tell me, ""how's"" 
 i don't wanna be the same 
 i don't mind spending this way 
 don't want to do me 
 
 i miss you so bad 
 i need you i need you 
 i need you i need you i need you 
 i need you i need you 
 
 i need you 
 i need you i need you 
 i need you i need you 
 i need you 
 
 i need you 
 and i need you 
 i need you 
 
 i need you 
 i need you 
 i need",0.6125477072367728,1.0,0.5119231999052275
89,"you ""should've"" been there 
 ""should've"" burst through the door 
 with that ""baby, ""i'm"" right now 
 i got a whole lotta i got my own heart 
 i want the bad girl i want your cake 
 
 
 i wanna be a cowboy baby 
 i wanna be a cowboy baby 
 i wanna be a good girl 
 i wanna be a girl just be the one 
 
 
 yeah yeah 
 i know i know i know i know i know i know i know i know i know i know i know 
 i know i know i know i know i know i know i know 
 i",0.0,1.0,0.5083713559824097
90,"this song makes me wanna have sex in my car, uh 
 
 wham, bam ! 
 
 i wanna love i love love i love love 
 i love the way that i love the way i love it i love it 
 i love the way we love the way we way 
 i love the way i love the way i love it 
 i love the way i love it 
 i love the way i love it 
 i love the way i love it 
 i love the way 
 i love the way you make me feel 
 i love the way 
 i love the way you make",0.6772636779473752,1.0,0.520502706064659
91,"""let's"" have some fun, this beat is sick 
 i wanna take a ride on your disco stick 
 i wanna make love 
 i wanna love love love love 
 i wanna love love love love love love 
 i love the way i love that i love the way 
 
 i love the way you make me feel 
 i love the way 
 i love the way i love you 
 
 i love the way you lie 
 i love the way you make me feel 
 i love the way you make me feel 
 i love the way i love the way i love you 
 i love the",0.6108497955464726,1.0,0.5102962977401798
92,"shaking your head like ""it's"" all wrong 
 before ""you're"" here, ""you're"" already gone 
 and you're so full of my heart 
 you're my best friend 
 you're my only one 
 you're my only shorty 
 you're my only shorty 
 you're my only shorty 
 you're my only shorty 
 you're my only shorty 
 you're my only shorty yeah 
 you're my only shorty 
 you're my only shorty 
 you're my only shorty 
 you're my only shorty 
 you're my only shorty 
 you're my only shorty 
 you're my only shorty you're my only shorty 
 i'm only one one one one one 
 
 
 make me and",0.0,1.0,0.5257852075034497
93,"she said iz u iz or you ""ain't"" 
 iz u iz or iz u ""ain't"" 
 
 oh oh oh oh 
 oh oh oh oh oh 
 oh oh oh 
 oh oh oh oh 
 oh oh oh oh oh 
 oh oh oh oh oh oh 
 
 oh oh oh oh oh oh oh 
 oh oh oh oh oh oh 
 
 oh oh oh oh oh oh 
 oh oh oh oh oh 
 oh oh oh oh oh 
 
 oh oh oh oh oh oh oh 
 
 oh oh oh oh oh oh 
 oh oh oh oh oh oh oh 
 oh oh oh oh",0.6969050230003733,1.0,0.542443694656671
94,"i spend all my money 
 on a big, old fancy car 
 for these bright-eyed 
 
 i don't know what you need 
 i don't know what you do to me 
 
 don't know what to do 
 you don't know what to do 
 you don't know what to do 
 
 you don't know what to do 
 you don't know what 
 you don't know what 
 you don't know what 
 you don't know what 
 you don't know what 
 you don't know what 
 you don't know what 
 you don't know what 
 you don't know what 
 you don't know what 
 you don't know",0.7245932678688504,1.0,0.5213643125022451
95,"once upon a time, you whispered softly in my ear 
 loving words and fairy tales 
 and i see you laughing and i know i can see 
 i can't wait to say you 
 'cause i know you want me 
 
 i don't know where to start 
 i don't know where to go 
 but i don't wanna go 
 i don't wanna go 
 
 you don't have to bleed for me 
 
 it's like a hiccupcup 
 it's the last time i wanna see it 
 
 i don't know why i lost my mind 
 i don't know why 
 i don't know what to do 
 i",0.4543383419302313,1.0,0.5075153808344272
96,"i see trees of green, red roses too 
 i see them bloom for me and i ain't a lot of mind 
 i just wanna be a good girl 
 i wanna be a little bit way 
 i wanna be a little one 
 i wanna be a freak 
 be a little selfish be a little more 
 be a little more 
 
 you know what it feels like 
 you know it can tell it 
 you know it 
 you know it 
 you know it you know it 
 you know it you know it 
 
 you know it 
 you know it 
 you know it you",0.6603606836179374,1.0,0.522896146419814
97,"oho oho oh oho oho 
 ba da ba bum 
 oho oho oh oho oho 
 oho oho 
 
 flo rida yeah 
 
 flo rida 
 i know 
 i just want to be a girl like you 
 
 i just want to be a girl like you 
 just a little bit of your body 
 just a little bit of your heart 
 just a little bit of your heart 
 just a little bit of your heart 
 just a little bit of your heart 
 just a little bit of your heart 
 just a little bit of your heart 
 just a little bit of your heart",0.599457325921823,1.0,0.5218982482655484
98,"""i'm"" five years old, ""it's"" getting cold, ""i've"" got my big coat on 
 i hear that voice of my garden stylin' in your forehead 
 i talk so crazy 
 
 i know that you like it 
 i know you like it 
 you know you know how to touch it 
 you know it you know it 
 you know it you know it 
 you know it you know it 
 you know it you know it 
 
 i'm freaky out my head 
 my head ain't got stress 
 i got my mind 
 my my my my my my my my my my galway girl 
 my my my",0.5765431700882011,1.0,0.5221195828522891
99,"ooh, la, la, la-la-la-la 
 ooh, la, la, la-la-la-la 
 
 when the lights go down and the band 
 and the band plays and the band plays and the band plays 
 and the band plays and the band plays and the band plays 
 and the band plays and the band plays and the band plays 
 and the band plays and the band plays 
 and the band plays and the band plays and the band plays 
 and the band plays and the band plays and the band plays 
 and the band plays and the band plays and the band plays 
 and the band plays and the band plays 
",0.8089147639009796,1.0,0.5729369078116819
