,Metal,PAV,SSV,MSV
0,"down fell the stars as they splashed into the sea 
 ""mi nomine baphomet"", come dance 
 
 I see the fading 
 
 I can't have a thing 
 I'm addicted 
 I'm going to do you 
 You can't take me 
 You don't want me 
 I don't want to 
 You don't know what you 
 I don't know what you're 
 I don't care 
 I'm not afraid of dying, 
 I don't care 
 I don't want to be 
 I don't care what you will be 
 I don't wanna to be alone 
 
 I don't wanna to be the 
 I don't wanna be, I don't wanna",0.4047967374359416,1.0,0.4872516415798531
1,"yesterday is gone forever 
 no turning back the clock 
 in the end, all is gone 
 And now you no one 
 
 
 And we the cracks, 
 We're going down in the 
 
 
 
 And it feels, 
 
 
 
 I mean, it me 
 
 
 
 
 I mean, I mean, I am 
 I mean, I am 
 
 
 
 I mean, I am 
 
 
 
 I mean, I know, 
 I mean, I am 
 I am 
 
 
 
 I mean, I mean, I do. 
 Q Prime 
 
 
 
 
 
 ""I can't be a superstar 
",0.0,1.0,0.5210500995236741
2,"crisis feeds the lunacy 
 all fear the new machine 
 consumed democracy returns a socialist 
 And your the mariner longer the 
 Just a place 
 When you sun 
 When the storm 
 We're time in the sky 
 When you collide 
 
 We all die in the eyes 
 We have to be free 
 We never give in 
 We never give in 
 We never give in 
 We never give in 
 We never give in 
 We never give in 
 We just wanna be just be one 
 No one can be us 
 
 And when you world 
 We will to tall 
 We've",0.44694333326720787,1.0,0.4655862962048152
3,"lay beside me, tell me what ""they've"" done 
 speak the words i wanna hear to sound 
 
 
 I know the much 
 I wanna you be awakened 
 I don't want to be your 
 You don't wanna be so 
 I don't wanna be innocent, 
 I don't wanna be innocent, 
 I don't wanna be innocent, 
 I don't wanna be innocent, 
 I don't wanna be innocent, 
 I don't wanna be, I'm a man 
 I don't wanna to be a gang to I can 
 I don't want to be a gang 
 I don't know what I'm wrong 
 I don't know what I'm doin' 
 I",0.0,1.0,0.5015595418075512
4,"the sky was clear that night 
 we were alone 
 and so much in love 
 When I step you 
 And I can't seem to see 
 
 I don't know what to do 
 I don't need you to 
 I don't know what you do 
 I don't care what you want 
 I don't know what to do 
 I don't care what you do 
 I just can't wait to see you 
 I can't feel the 
 I can't have you blues 
 I can't believe I can't have you blues 
 I can't have you, blues 
 I can't feel it 
 I'm going to crash, 
 I'm",0.4827713511344058,1.0,0.48701311014330684
5,"in my name 
 so they cast out demons 
 they shall speak in new tongues 
 
 Maybe you you've there's in silence 
 And the were sun to 
 
 
 
 I don't know where to 
 
 
 
 
 
 
 
 
 This is the eye-- 
 
 
 
 And I don't want 
 
 
 
 I mean, I am 
 
 
 
 
 I mean, was totally 
 
 
 
 
 I was, really, 
 
 
 
 I mean, I mean, 
 like, 
 
 
 
 - Right. 
 
 
 
 I mean, there's I totally the 
 
 
 
 
",0.0,1.0,0.5237184791084708
6,"compassion is broken now 
 my will is eroded now 
 desire is broken now 
 I am the dragon of the 
 I don't want to be waving victim 
 I don't wanna to be with 
 I don't wanna be a hero 
 I don't wanna to be a victim 
 
 
 I don't have to prove 
 I don't know what you 
 
 
 
 
 I mean, I mean, I am 
 
 
 
 
 And I mean, it regular. 
 
 
 
 I mean, I'm like, I know 
 
 
 
 Do you like you 
 to 
 
 
 
 
 They play the and",0.0,1.0,0.5260555028076963
7,"voices are calling from somewhere below 
 melting on the eastern shore 
 rain is falling down 
 Red rain is pouring down 
 Pouring the the 
 Red rain coming down 
 Red rain is pouring down 
 Pouring down all the 
 Red rain is pouring down 
 Pouring down the all 
 Down down the drain 
 
 I am the damaged the 
 I am the you 
 I am the thorn 
 I am titanium thorn 
 I am the enemy 
 I am your thorn 
 I am the thorn 
 I am the thorn 
 I am the thorn 
 I am the thorn 
 I am the thorn",0.5727682471120512,1.0,0.46507772320792784
8,"pounding the world like a battering ram 
 forging the furnace for the final grand slam 
 Hear the groans 
 I guess I know 
 
 I see the yeah, 
 I see the light 
 I know the secrets 
 I know that pieces fit 
 I know what you plague yourself 
 I know why the spending 
 I know why you plague yourself 
 I know what you plague yourself 
 I know why you plague yourself 
 I know why you plague yourself 
 I know I know why you meant, 
 I know what you plague yourself 
 I know what you exist) 
 I know why you plague yourself",0.5428192495112836,1.0,0.4874891528318586
9,"it is sad to think that the first few people on earth needed no books, movies, 
 Can't you hear your scream, 
 And I know the I am 
 
 I am the one doom's of the stranger We don't give a damn 
 I want be elected, elected, elected 
 
 
 
 
 It's been a thing 
 
 
 
 I just felt the kind of, like, 
 
 
 
 I don't know. 
 
 
 
 And the that is looped 
 
 
 
 
 No matter what it is 
 
 
 
 I mean, it like, 
 
 
 
 And I actually 
 
 
 
",0.0,1.0,0.5305061951494469
10,"(roy khan) 
 one of a kind they say 
 ""they've"" never seen before 
 investigate the have the me 
 
 
 
 
 And I don't know 
 
 
 
 
 
 
 It's Zach. 
 
 
 
 - Freaking 
 - Kirk. 
 
 
 
 - 
 
 - Kirk. 
 - Kirk. 
 - Kirk. 
 
 
 
 - Kirk. 
 - Kirk 
 - Kirk. 
 
 
 - Kirk. 
 - Kirk. 
 - Kirk. 
 
 
 
 - Kirk. 
 - Kirk. 
 - Kirk. 
 
 
 - Kirk. 
 - Kirk ? 
 - Yeah. 
 
 
 
 
 - This",0.0,1.0,0.5214604254473912
11,"in a league of his own 
 a villain with no morals 
 above the law 
 
 
 
 
 And I totally the 
 and various 
 
 
 
 And I totally was 
 would I would 
 
 
 
 
 And I totally some 
 
 
 
 - Right. 
 
 
 
 - Kirk. 
 - Kirk. 
 
 
 - 
 - Kirk. 
 
 
 
 - Kirk. 
 - Kirk 
 - Kirk. 
 - Kirk. 
 
 
 
 - Kirk. 
 - Kirk. 
 - Kirk. 
 
 
 
 - Kirk. 
 - Kirk. 
 - Kirk. 
 
 
 - Kirk. 
",0.0,1.0,0.5167197535966139
12,"you make me mute 
 hiding the truth 
 revealing a farce 
 created by your 
 
 
 You know the ain't worth 
 You know what got to to 
 
 
 
 I don't know 
 I don't know 
 
 
 
 
 You know, I mean, I mean, 
 that you 
 
 
 
 
 I mean, and meditate 
 
 
 
 
 Don't you the 
 
 
 
 
 Whether 
 
 
 
 I mean, what I was it regular. 
 
 
 
 I mean, I am 
 I mean, I get 
 
 
 
 I mean, I am 
 
 
 
 
",0.0,1.0,0.5227663071712184
13,"""it's"" twilight and i wake up hot 
 my ""body's"" soaked in a cold, cold sweat 
 Cool ghoul, for a true 
 A tempest man leading the the 
 New York of a horse 
 A crippled the to the shore 
 The master of the the is mine 
 The negative world will 
 The other side of the 
 
 Nightmare, liar 
 
 
 
 And I know 
 I don't have to 
 
 
 
 
 And I mean, it was, 
 
 
 
 I mean, I think 
 
 
 
 You know who I mean, it's like, 
 
 
 
 I mean, I went 
 I",0.0,1.0,0.5095160519891269
14,"it started back in high-school 
 so cool, king of the scene 
 you found that 
 
 
 
 And I mean, I guess, 
 
 
 
 And when you other 
 
 
 
 And when is it now. 
 
 
 
 I mean, I mean, I mean, 
 
 
 
 I mean, I am 
 
 
 
 
 I mean, I was I've been 
 
 
 
 
 I can't be bringing me 
 
 
 
 I don't know. 
 
 
 
 If I think you 
 
 
 
 I mean, I'm not 
 
 
 
 It's a 
 
 
 
 And I'm",0.0,1.0,0.530626075192006
15,"feel like throwing in the towel ""don't"" be a fool 
 ""they're"" out to knock you the 
 You were to get out of your 
 Out of the soul 
 You are the you are you 
 You are the reason 
 You are the reason 
 You are the reason 
 You are the reason 
 You are the reason 
 You are the reason 
 You are the reason why 
 You are the reason 
 You are the reason 
 You can feel it 
 You can see it 
 You know you you're 
 You can feel it 
 You never said it 
 You know it's all right 
 You",0.6646183192594549,0.9918429899538737,0.4949338469358969
16,"""don't"" you know i love you more 
 than life itself 
 ""don't"" you know that reason why 
 You know that you go 
 
 I know you you blame 
 I know why pieces fit 
 I know you you plague the 
 I know why you plague yourself 
 
 I know it's all because of me 
 I know it's all because of me 
 I know it's all because of me 
 I know it's all because of me 
 I know it's all because of me 
 I know it's all because of me 
 I know it's all because of me 
 I know it's all because of me",0.652214163258882,1.0,0.5136957777794532
17,"looming large like a favorite son 
 one more time comes my obsession 
 like a knife, you just give me a sound 
 Make me feel like a night 
 I'm going to changes 
 I'm a good way 
 I'm a loser 
 
 I'm a loser 
 Got a hundred 
 I'm a dog 
 
 
 
 You know I mean, the go 
 
 
 
 And you know, I mean, that know, know, 
 I mean, it like, 
 I know it all feels so 
 I guess I can feel it all start slipping 
 I don't care what you go 
 I don't care about anything 
 I",0.0,1.0,0.49520327435491157
18,"reflex in the sky 
 warn you ""you're"" gonna die 
 storm coming, ""you'd"" better hide 
 
 Dystopia the 
 I'm addicted 
 I'm losing my sight, losing my mind 
 Wish somebody would tell me I'm fine 
 Losing my sight, losing my mind 
 Wish somebody would tell me I'm fine 
 Losing my sight, losing my soul 
 Wish somebody would tell me I'm fine 
 Losin' on my own 
 I can't see you 
 I'm addicted 
 I'm addicted 
 I'm addicted 
 I'm powerless 
 I'm gone 
 I'm gone 
 I'm in love 
 I'm in love 
 
 I'm in between, in love 
 Ooh, oooh 
",0.36975362002798545,1.0,0.5338949365281784
19,"we sail through endless skies 
 stars shine like eyes 
 the black night sighs 
 
 A thousand breakdown for a long time 
 Absorb a fire needs a little bit 
 And you're the bought a prison 
 
 
 
 And I mean, I mean 
 
 
 
 I mean, I think 
 
 
 
 
 And it's like, that 
 
 
 
 I mean, I'm-- 
 of Metallica. 
 
 
 
 And say James 
 
 
 
 
 I don't know 
 
 
 
 
 Echobrain 
 
 
 
 
 I mean, I mean, 
 
 
 
 
 And I mean, the I don't",0.0,1.0,0.5199823451153411
20,"music and words by tolkki 
 looking back through time to my childhood days 
 i you for redemption to is the 
 I've been waiting for the 
 I have to climb to the 
 And I don't know what to say 
 I don't know what to do 
 I know you you plague you 
 I know it's so 
 I know you're you plague yourself 
 I know you're you plague yourself 
 I know what you plague yourself wrong 
 I know it's all because of me 
 I know it's all because of me 
 I know it's all because of me 
 I know it's all because of me",0.5820917229489803,0.9828901867443453,0.5132671526826394
21,"ancient lands, lost in time 
 smokes of sands and walls alive 
 surround this mask of before you 
 
 The limits of death 
 
 
 The limits of the dead 
 Sits is the world of a nightmare 
 Lies the the your 
 
 
 You got my own home 
 You know you're I want 
 You know it's all about 
 
 You know you're know 
 Finally all in vain 
 You don't know which you 
 You've got to find 
 They like to 
 Just to time 
 You know you are 
 Don't you know that you are 
 You know if you got to to",0.0,1.0,0.47361800069212745
22,"now winter wind fades from my face 
 my heart will no longer race 
 sun pages to be unavoidable and crumbling 
 And when the cracks, 
 The best place is gone 
 The night is dying 
 The more I have to 
 The more I ignore 
 The less, of the 
 The more I ignore 
 The less, 
 The is 
 The 
 The 
 
 
 
 
 Kirk. 
 
 
 
 I mean, I totally the 
 
 
 
 I mean, I mean, 
 like, 
 
 
 
 
 
 
 I mean, I totally you 
 of Metallica. 
 
 
 
 I mean-- 
",0.0,1.0,0.49994915320103206
23,"insane, am i the only muthafucker with a brain ? 
 ""i'm"" hearing voices but all the see is your 
 Liar, is the I am 
 I'm made of all the things 
 I'm on my way 
 I'm on my way 
 I'm on my way 
 I'm on my way 
 I'm on my way 
 Home sweet home 
 I'm on my way 
 Home sweet home 
 I'm on my way 
 Home sweet home 
 Home sweet home 
 I'm on the nightrain 
 I'm on the nightrain 
 I'm on the nightrain 
 I'm on the nightrain 
 I'm on fire 
 I'm on fire 
 I'm on fire",0.5956180592520104,0.9952411093476723,0.4942254597461551
24,"bang bang, rock with the gang 
 bang bang, rock with the gang 
 
 save the world 
 You know it's all about 
 And it's all that time 
 But it's all right now, and all right 
 
 'Cause I'm alive 
 Live wire 
 
 I'm a prisoner of the 
 I am a fugitive 
 Being hunted 
 It's a dream 
 I am a fugitive 
 Being hunted in a pocket 
 A million in the 
 A smile of time 
 The limits of the 
 The limits of the dead 
 
 
 You never felt so good, I need 
 I need your to you I got",0.0,1.0,0.5055664704413624
25,"hey, brother, i miss you so - you knocked on ""heaven's"" door 
 and we ""won't"" 
 
 
 
 - Really fire 
 - Yeah. 
 
 
 
 - Kirk. 
 - Kirk. 
 - Kirk. 
 
 
 
 - Kirk. 
 - Kirk. 
 
 
 
 - Kirk. 
 - Kirk. 
 - Kirk. 
 
 
 
 
 
 Don't you ever think our 
 
 
 - The 
 
 
 
 And we just-- ? 
 
 
 
 - Right. 
 - Kirk. 
 - Kirk 
 
 
 
 
 Your This is interesting. 
 
 
 
 You know, you have done 
 
 
",0.0,1.0,0.529559019850261
26,"story starts, quiet town 
 small town boy, big time frown 
 never talks, never plays up 
 
 You know the sad 
 You know you're crazy 
 You know you're crazy, oh yeah 
 
 I am the tourniquet 
 I am titanium thorn 
 I am the thorn 
 I am your thorn 
 I am the thorn 
 I am the thorn 
 I am the thorn 
 I am the thorn 
 I am the thorn 
 I am the thorn 
 I am the thorn 
 I am titanium inferno 
 I am the thorn 
 I am the inferno 
 I am legion 
 I am the inferno 
",0.6219716741210144,1.0,0.50473055245757
27,"you and me 
 ""we're"" going to escape tonight 
 on the run 
 under the dove 
 
 Force 
 And the 
 
 
 
 You can't surf the 
 
 
 
 I don't think so. 
 about is, 
 
 
 
 
 putting on 
 
 
 
 Don't you ever know ? 
 what just a new record 
 
 
 
 
 It's been a fucking part of a 
 
 
 
 And then the I mean, I was 
 
 
 
 I mean, I know, 
 
 
 
 I mean, I didn't know, 
 
 
 
 Jason 
 
 
 
 
 You know,",0.0,1.0,0.520851498344934
28,"""she's"" a dirty, dirty dancer, dirty, dirty dancer 
 
 ""'nother"" day, ""'nother"" night 
 and you're 
 
 
 
 Never talked 
 
 
 
 Some people cry 
 
 
 
 
 It's so 
 
 
 
 
 Okay. the 
 
 
 
 You know, I mean, I mean, 
 it all worked 
 
 
 
 And when I mean, she's saying 
 
 
 
 
 I mean, I'm not 
 
 
 
 Do you do ? 
 
 
 
 What you I'm going to do ? 
 
 
 
 And that's I mean, I don't know 
 
 
 
 - Right. 
 - the",0.0,1.0,0.5309449746991406
29,"in my time of dying 
 i want nobody to mourn 
 all i want for sale 
 I think to to 
 I want to to 
 I want you 
 I suffer you 
 I hate you 
 I hate you 
 I hate you 
 I hate you 
 
 
 I hate you 
 I hate you 
 I hate you 
 I hate you 
 I hate you 
 I hate you 
 I hate you 
 I hate you 
 I hate you 
 
 I hate you 
 I hate you 
 I hate you 
 I hate you 
 I hate you 
 I hate you 
 I",0.0,1.0,0.5124330822244824
30,"we trip the light 
 firebird flies 
 burn your inside 
 given a lesson 
 The words 
 
 Strictly to 
 The master of the 
 
 
 I was 
 I can't see you 
 I can't see you 
 I can't be the angel of me 
 I am the damaged 
 I am the moon in your sky 
 I am the beast in the 
 I am the one that be awakened 
 Terrified the the and burn 
 I feel the pain 
 Chew me away 
 
 I can't stop on the inside 
 I'm your Reaping Stone 
 I can't take the see 
 I'm not afraid",0.0,1.0,0.45545894958155836
31,"who gives you the right to come here and tell me 
 i have to leave me 
 The faces of the past 
 The tragedy I will (the 
 The road of the grey 
 Is this the 
 It's the 
 
 
 I used to I was thinking 
 
 
 
 I mean-- 
 I just can't be 
 
 
 
 
 I mean, I think you 
 for a little bit of little 
 
 
 
 I mean, I was 
 like, 
 
 
 
 - Right. 
 - Kirk. 
 
 
 
 - Kirk. 
 - Kirk 
 
 - Kirk. 
 - Kirk. 
 -",0.0,1.0,0.5112502725053393
32,"far in the core of the earth 
 first it was given birth 
 we heard of the 
 The keeper of Satan's 
 
 
 
 - And I mean, I can 
 - Right. 
 
 
 
 You know it doesn't be the 
 
 
 
 
 Do you know what you ? 
 
 
 
 And he was-- a bunch 
 
 
 
 - I did that 
 - 
 
 
 
 
 I can't have the 
 - Right. 
 
 
 
 - So 
 - 
 
 
 - Kirk. 
 - Kirk. 
 - Kirk. 
 - Kirk. 
 
 
 
 - Kirk.",0.0,1.0,0.5211129616675026
33,"i had a dream, oh yeah 
 crazy dream, oh ho 
 anything i wanted to 
 
 
 I'M the 
 
 
 
 The I can see 
 
 
 
 
 You're the and collective 
 
 
 
 And I totally drums 
 
 
 
 
 The cameras 
 
 
 
 And we're Phil 
 
 
 
 
 Metallica, 
 
 
 
 Kirk. 
 
 
 
 Kirk. 
 
 
 
 And I totally you 
 
 
 
 
 And say 
 
 
 
 
 I mean, you drummer 
 ? 
 
 
 
 
 You know, the Phil 
 about surfing 
 
",0.0,1.0,0.5251323336122903
34,"how ""i've"" waited for you to come 
 ""i've"" been here all alone 
 now that have risen so 
 And the I just summon 
 
 
 
 
 And if I don't know 
 I don't know, I don't know 
 
 
 
 
 I mean, I mean 
 
 
 
 In a band of lyric 
 
 
 
 
 - - Daddy. 
 - Kirk. 
 - Kirk. 
 
 
 
 
 - Kirk. 
 - Kirk. 
 - Kirk. 
 
 
 
 - Kirk. 
 - Kirk. 
 
 
 
 - Kirk. 
 - Kirk. 
 
 
 
 
 
 I mean, me - You",0.0,1.0,0.5201255488955171
35,"ayy, ayy, ayy, ayy, ayy, ayy, ayy, ayy, ayy, ayy, ayy, ayy, ayy, ayy 
 ayy-ayy-ayy-ayy 
 
 You can't get it back 
 You can take it 
 But you can't stop it 
 You can't take it 
 You can see it on the ankle 
 You can hear it 
 You can take it 
 You can have it 
 You can take it 
 You can take it 
 You can take it 
 You can take it 
 You can take it 
 You can get it 
 You can take it 
 You can look to me 
 You can hide 
 You can have it all 
 You know",0.6400552887007477,1.0,0.4900188687977343
36,"seize the day or die regretting the time you lost 
 ""it's"" empty and cold without the 
 So I'll be there soon 
 I can feel the poison 
 Thankful and isolated 
 I don't belong 
 I know it never was 
 I know it's the 
 I know that you're 
 I know why you plague yourself 
 I know why you plague yourself 
 I'm gonna make you real 
 I'm gonna take (gonna snap) 
 I'm gonna snap (gonna snap) 
 I'm gonna snap (gonna snap) 
 I'm gonna snap (gonna snap) 
 I'm gonna snap (gonna snap) 
 I'm gonna snap (gonna snap) 
 I'm gonna snap (gonna snap) 
",0.5559658203601369,1.0,0.4935728386156982
37,"there i stood with the sun in my eyes 
 dust on my face 
 my body's the I can't afford 
 
 I know I'll never die 
 I will to I was 
 And I know you I want 
 And I just want to you 
 I know it's all because of me 
 I know it's all because of me 
 I know it's all because of me 
 I know it's all because of me 
 It's me the you you be 
 I know that I know 
 I know what I can see 
 I can see you in the eyes 
 And in the darkness in the darkness",0.521267369548149,1.0,0.4999777862982923
38,"loneliness seems like an evil dream 
 reality is life and life is here 
 once again and again, and miles away 
 
 I think to and the 
 I want to I want 
 I want I want 
 I suffer I was 
 I want I wanna 
 I want to 
 I love you 
 I love you 
 I love you, 
 I love you, 
 I love you 
 I love you, 
 I love you 
 I love you 
 I love you, 
 I love you, 
 I love you 
 I love you 
 I love you 
 I love you 
 I love you 
 I",0.7615222015347647,1.0,0.516436166457763
39,"sugar city come home 
 wizard on a weekend 
 willing on a weekday 
 are on a dragonfly 
 
 You gotta get it 
 
 
 I mean, that I was 
 that the I had 
 I want a newer version 
 You were me 
 I don't know what 
 I can see 
 I can see you 
 I can be your 
 I am the 
 I am the 
 I am titanium 
 I am 
 I am 
 I am 
 I am 
 I am 
 I am 
 I am 
 I am 
 I am 
 I am 
 I am 
 I am 
",0.0,1.0,0.49610883416419016
40,"this is the end, beautiful friend 
 this is the end, my only friend, the end 
 The tears of the universe is near 
 
 
 We can be heroes, 
 We can be heroes, 
 Skies and fight 
 We are the 
 We are the 
 We are the 
 We are the 
 We are the override of light 
 The end of the world 
 The end of the day 
 The end, the end of the american 
 The end, the end of the american 
 The end, the end of the american 
 
 
 
 We can go from the 
 
 
 
 you I mean, I",0.0,1.0,0.5298965558055929
41,"(gabriel:) 
 yeah - yeah 
 lord above - why ""don't"" you tell me 
 why can I go away 
 I feel it all out of sight 
 I can't take it anymore 
 I want it right 
 I want you 
 I wish it 
 I suffer it 
 I want it 
 I suffer it 
 I want it 
 I want it 
 I want it 
 You want it 
 You got it 
 You got it 
 You got it 
 You got it 
 You got it 
 You got it 
 You got it 
 You got it 
 You got it 
 You got it 
",0.7124023805004941,1.0,0.5096162010371669
42,"""don't"" know you man or where ""you're"" from. some say a crazy man, came undone 
 But now I'm not a slave 
 
 But I ain't got the go 
 And I don't wanna to be a victim 
 
 
 
 
 You know, as I don't know. 
 
 
 
 I mean, I don't know. 
 
 
 
 I mean, I mean, 
 
 
 
 - Right. 
 
 
 
 
 - And the is a monster 
 - And my I don't 
 
 
 
 
 And I mean, the I really-- 
 
 
 
 I mean, I mean, 
 
 
 
 
 It's just",0.0,1.0,0.5226138005682628
43,"come on ! 
 
 somebody give me some light 
 not pointed into dark 
 
 
 I don't need a a thing to die 
 
 I want to to 
 I wanna you 
 I want to 
 I want 
 I suffer 
 I will 
 I want 
 I want 
 I want 
 I suffer 
 I suffer I want 
 I want 
 
 
 
 
 
 And I kind 
 
 
 
 Why don't you rescue 
 is the I mean, I mean, 
 
 
 
 
 I mean, I was, that-- 
 
 
 
 
 You know, I'm doing 
 
 
 
",0.0,1.0,0.5132470215269173
44,"i, i will be king 
 and you, shall be my queen 
 though nothing, will 
 
 
 
 You think 
 
 
 
 
 I don't know. 
 
 
 
 I don't know. 
 
 
 
 I mean, I don't know. 
 
 
 
 
 Whether 
 
 
 
 Don't you know what you 
 
 
 
 
 I mean, I mean, it totally 
 
 
 
 
 I mean, I mean, I do 
 I mean, I know, I know, I know, I know) 
 Ohohoh Sinéad 
 
 I believe in the eyes 
 I still the under the 
 I wanna the fall apart",0.0,1.0,0.5247290027427941
45,"i remember when all the games began 
 remember every little lie and every last goodbye 
 Promises the broke, are the to 
 Ocean for all of us 
 
 
 You know, I know you you're 
 
 
 
 
 Are you all the 
 
 
 
 and you 
 
 
 
 time kind of monster. 
 
 
 
 - What ? 
 - Yeah. 
 
 
 
 - Do I want you when 
 
 
 
 - I mean, I don't know. 
 
 
 
 And I mean, I totally 
 
 
 
 But I don't know. 
 
 
 
 I mean, I went",0.0,1.0,0.5292590231952025
46,"walking through the city 
 looking oh-so pretty 
 ""i've"" just got to find my way 
 Or a thousand lotta love 
 
 
 
 
 It's a 
 
 
 
 It's just a thing 
 
 
 
 I mean, her is totally 
 
 
 
 I don't know. 
 
 
 
 I mean, I can't 
 
 
 
 
 I would say, us the 
 
 
 
 I mean, I mean, 
 
 
 
 I mean, I totally for the 
 
 
 
 I mean, I think 
 
 
 
 And I totally a lot of a 
 
 
 
 And then I mean,",0.0,1.0,0.52627353262484
47,"who is innocent ? 
 no one is innocent ? 
 who is innocent ? 
 
 
 I know I don't know 
 I can see you 
 Oh, what and I'll live for and 
 And I know 
 
 
 
 I mean, I am. 
 
 
 
 I mean-- 
 
 
 
 
 
 Jason 
 
 
 
 Kirk. 
 
 
 
 And it was-- other 
 
 
 
 And then is a monster 
 
 
 
 You know, if I mean, express 
 I mean, a little 
 
 
 
 
 And I totally a 
 
 
 
 
 I just can't seem",0.0,1.0,0.5227164526238707
48,"one, two, three 
 hut one, hut two, hike ! 
 ooooo yeah ! 
 
 
 
 I mean, was I mean, 
 
 
 
 I think to we 
 that a strokes 
 
 
 
 
 
 You know, I mean, I mean, 
 like, 
 
 
 
 I mean, I totally you 
 
 
 
 - Right. 
 - Kirk. 
 
 
 
 
 
 I mean, you kind of, 
 
 
 
 
 You know 
 I know the that 
 
 
 
 I mean, I mean, I do 
 
 
 
 - Right. 
 - Kirk. 
 
 
 
 - Kirk. of",0.0,1.0,0.5206799767653695
49,"alone i walk 
 among the twisting shadows 
 tempted by the ancient magic 
 the the le monde (À 
 
 I got my balaclava, balaclava 
 Skeletons of the 
 I got a .45 
 Money in my room 
 Am I a savage 
 And I don't want to 
 Driving the a dagger 
 
 I don't know what to do 
 I don't wanna to be a 
 
 
 I don't know what I'm doin' 
 
 I don't care what you do 
 I don't care if I'm going to 
 I'm feeling so and I don't know 
 I'm gonna be the in my car, 
 I'm tired",0.0,1.0,0.46375266125129155
50,"if ""you're"" having trouble with the high school head 
 ""he's"" giving you the blues 
 You shoot your your 
 You know 
 You better use you 
 You make a fake 
 You know you you're 
 You're goin' out 
 You gotta get it on your 
 
 
 You want it 
 You got to make it a taste 
 
 
 
 You don't want to 
 
 
 
 
 And he was 
 a little bit 
 
 
 
 
 And I know I mean, 
 
 
 
 
 
 I mean, I don't know. 
 
 
 
 I don't know 
 to 
 I know",0.0,1.0,0.5044121807388777
51,"he saw the world, dim with the glow of the vertical sun 
 his skin crept 
 The day of the 
 
 
 The other day, I came for you 
 The journey of life is gone 
 
 I can see you mountains, and I am searching for the 
 I know, I don't know why it has never seen 
 I'm the and wishing 
 
 I don't know why I'll never be 
 I know it's all because of me 
 I know it's all because of me 
 I know it's all because of me 
 I know it's all because of me 
 I know it's all because of me",0.0,1.0,0.5148376649711942
52,"shout, shout, shout 
 shout, shout, shout 
 shout at the devil 
 
 ""he's"" the I was 
 I need to 
 I can't remember 
 I see you 
 I wish you 
 I can't resist 
 I want you 
 I hate you 
 I suffer I suffer 
 I suffer to 
 I hate you 
 I hate you 
 I hate you 
 I hate you 
 I hate you 
 I hate you 
 I hate you 
 I hate you 
 I hate you 
 I hate you 
 I hate you 
 I hate you 
 I hate you 
 I hate you 
 I hate you 
",0.7339323994058331,1.0,0.5057003841137114
53,"in a foreign field he lay 
 lonely soldier, unknown grave 
 on his dying words 
 
 
 
 - Right. 
 - You don't know. 
 
 
 
 You know, who you 
 that kind of James 
 
 
 
 
 
 And I totally totally 
 
 
 
 
 And I said 
 
 
 
 I mean, I don't know. 
 
 
 
 
 I never been 
 I don't know the 
 
 
 
 Yeah. Yeah. 
 
 
 
 
 And I mean, I really-- 
 
 
 
 I think that 
 I don't know. 
 
 
 
 
 And a little stock.",0.0,1.0,0.5167861694862839
54,"embers ignite once again 
 i watch them dance around the flame 
 sparks start to scythe 
 
 
 
 I mean-- 
 
 
 
 
 I just can't see 
 
 
 
 and then 
 
 
 
 I don't know. 
 
 
 
 I mean, I mean, I am 
 
 
 
 - Right. 
 - Bye, James. 
 
 
 
 - Right. 
 
 
 - I really-- like that. 
 - Freaking statement. 
 
 
 
 I mean, I mean, I mean, 
 
 
 
 I mean, I think everybody 
 I can't 
 
 
 
 
 I mean, I really-- 
 
",0.0,1.0,0.5232906729399307
55,"""can't"" control the restless part of me 
 bowing down our heads to love and greed 
 
 I don't want to see it 
 When I'm slipping to 
 I don't want to 
 I don't care what you have to do 
 You don't care 'bout how I feel 
 I don't know what I'm doing, 
 You don't wanna to 
 You just don't know 
 You can't tell me 
 You can't be afraid 
 You can't see me 
 'Cause I wanna to 
 You were my heart 
 And I believed 
 It is my heart 
 And I can see 
 How I can hold 
 And I can",0.36645574431289285,1.0,0.4746326613652427
56,"who can tell me who i am 
 who i am my friend 
 ""i'm"" an ocean 
 When all the world 
 
 Feel the warmth warriors 
 And the the in the sky 
 And the the is the 
 That we world on your ground 
 
 
 
 You know, hard 
 
 
 
 You know what shook 
 
 
 
 And he had it regular. 
 
 
 
 I mean, I mean, I get there 
 
 
 
 I mean, I mean, I know, 
 
 
 
 I mean, I do it 
 
 
 
 I mean, I mean, I mean, 
 rock 
 
",0.0,1.0,0.5175909182858858
57,"mars needs women 
 angry red women 
 mars needs women 
 angry red women 
 The 
 
 
 To be the 
 To be 
 
 
 
 
 There's a way 
 
 
 
 Was it was 
 
 
 
 You know I mean, I mean, 
 kind of monster 
 
 
 
 I mean, I just, here 
 
 
 
 
 
 It's not the 
 
 
 
 Kirk. 
 
 
 
 It's doing recording 
 
 
 
 
 I mean, I mean, I am 
 
 
 
 
 And when that I mean, I like, 
 
 
 
 It's a lot of",0.0,1.0,0.5213448630547237
58,"born into darkness in ""saturn's"" sight 
 riding the night like the wind 
 ripping the the 
 All the you in a dumpster 
 There's a time to you be free 
 I say we you be a victim 
 And I will be there one to be 
 
 I don't wanna to be a victim 
 You can be the I can be 
 I can be the one 
 You can be my way 
 You will never be the end 
 
 
 
 That's the we 
 
 
 
 
 And your exactly that that 
 
 
 
 - Right. 
 
 
 - It's just jacking 
",0.0,1.0,0.5089312582078878
59,"welcome to my realm 
 ""we're"" both condemned to live 
 ""it's"" a dark fate i never see 
 
 You take to change 
 I guess I wasn't you 
 As long as I die 
 
 
 I will to 
 I want you 
 I want you 
 I want I want 
 I hate you 
 I hate you 
 I hate you 
 I hate you 
 I hate you 
 I hate you 
 I hate you 
 I hate you 
 I hate you 
 I hate you 
 I hate you 
 I hate you 
 I hate you 
 I hate you 
 I hate you 
",0.0,1.0,0.5110353835575054
60,"the mist is sleeping on the water 
 and winter is hiding in my heart 
 And I just don't care 
 We don't give a shit 
 We don't give a fuck about your world 
 With the perfect and the the 
 We are the king of the brave 
 And the the and the will 
 We will the the 
 Through the world 
 Let us burn 
 Open your your mind 
 Let the burn 
 Let the water run higher 
 Baptize your the 
 You're not the only one 
 You're not the only one 
 Don't ya think that you need somebody 
 Everybody needs somebody 
 Don't",0.3654680032317195,0.9761329131483969,0.4755188909852323
61,"so this is who i am 
 and this is all i know 
 and i will be 
 
 
 
 And when have one regular 
 
 
 
 You know, you guys 
 when 
 
 
 
 You know, I mean, I am 
 
 
 
 The 
 
 
 
 
 And that's just a 
 
 
 
 And the band 
 
 
 
 You know I mean, the I don't 
 
 
 
 And when guys I was to 
 
 
 
 
 I don't know. 
 
 
 
 
 You know 
 I know 
 
 
 
 
 
 Kirk. 
 
",0.0,1.0,0.5282043919279394
62,"oh, devon ""won't"" go to heaven 
 ""she's"" just another lost soul about to be mine 
 But that never be so same 
 But I won't never be the same 
 So I will let you die 
 Well I wasn't on my way 
 And I know I need 
 I know what I wanna 
 
 I know what secrets that you 
 I know why you thinking, 
 I know why you plague yourself 
 I know why you plague yourself 
 I know where you will 
 I know why you plague yourself 
 I know why the plague yourself 
 I know why you 
 I know what you plague",0.5307161090445202,1.0,0.48625181751414887
63,"you know what ? 
 of course i have my doubts 
 ""it's"" darker times and the 
 The curtain is not the 
 I shall reign 
 I am the dragon 
 I am the inferno 
 I am the inferno 
 
 I am the inferno 
 I am legion 
 I am the thorn 
 I am the thorn 
 I am the thorn 
 I am the thorn 
 I am the thorn 
 I am the thorn 
 I am the thorn 
 I am the thorn 
 I am the enemy 
 I am the thorn 
 I am the thorn 
 I am the thorn 
 I am your",0.6784144474298668,1.0,0.4953353820375885
64,"i awoke on impact 
 under surveillance, from the camera eye 
 searching high and low 
 
 Mongoloid, 
 
 
 
 And he couldn't see 
 
 
 
 You know, and things go 
 so 
 
 
 
 I don't know 
 
 
 
 
 I don't know. I'm getting warmed 
 
 
 
 
 And I totally consider 
 
 
 
 And the guys is like-- 
 
 
 
 
 You know I mean, 
 
 
 
 And I totally some now. 
 
 
 
 And when to I do. 
 
 
 
 It's a lot of time. 
 
 
 
 I mean,",0.0,1.0,0.5277197154823058
65,"yeah ! 
 alright ! 
 yeah, alright ! 
 
 two skies watching it all, yeah, 
 
 I don't want to be my wife 
 
 I don't want to be my lover 
 I don't know what to do 
 I don't know what I'm going 
 I don't know why you do 
 I know what is that I can see 
 I don't know what to go 
 I know you I can do 
 The whole I've been needing 
 I feel the in the 
 Chew the 
 I know you're I know 
 
 I know 
 
 I know that you're plague yourself 
 I know why",0.4389129540616147,1.0,0.513884074023682
66,"sometimes, ""it's"" hard to be a woman 
 giving all your life to just one man 
 
 You don't know what you're are 
 You know this did, I know 
 I can feel the feel the 
 You know I know you you're about 
 But I know you I can see 
 I know the you go 
 And I know 
 I know 
 
 I know the going down 
 I know it's all because of me 
 I know it's all because of me 
 You don't give me that 
 I won't be a slave of my life 
 You are the in my heart 
 In my hands",0.4628263856629433,1.0,0.48120839744998256
67,"well ""it's"" a dog eat dog 
 eat cat, too 
 frenchy eat frog 
 ""an'"" a casa 
 Fat 
 
 
 
 It's really good. 
 
 
 
 And he don't go 
 
 
 
 
 I mean, I don't know. 
 
 
 
 I mean, I get you 
 
 
 
 
 I mean, I mean, that 
 
 
 
 - Right. 
 
 
 
 - Right. 
 - Kirk. 
 
 
 
 
 - Kirk. 
 - Kirk. 
 
 
 
 - Kirk. 
 - Kirk. 
 - Kirk 
 - Kirk. 
 - Kirk. ! 
 
 
 
 - Kirk. 
 -",0.0,1.0,0.5279397463793774
68,"1, 2, 3, 4 ! 
 hey-ho, ""let's"" go ! 
 hey-ho, ""let's"" go ! 
 
 All the followers to are 
 All the I want to be 
 All the I want 
 Was I pay the price 
 Pray to to 
 I don't need you civil 
 I don't want to be this 
 So I don't wanna to 
 I don't care what you say 
 I don't wanna to be cool 
 I don't wanna be, I don't wanna be 
 
 
 
 I don't wanna to 
 I don't wanna so. to 
 
 
 
 I don't know what influence 
 
 
 
 
 You know,",0.0,1.0,0.5217074173116424
69,"reflex in the sky warn you ""you're"" gonna die 
 flashes in the sky turns houses the the to 
 The verse of the strip 
 The last baron 
 Will the send us a dream 
 
 
 The ballot of the skies 
 Is a place where live 
 The man that laughs 
 The angel is the 
 The only way I want 
 The less, is not the first one 
 The only one I want (the one I want) 
 
 Boogieman, in black, the 
 And if I was them see 
 I will break through chains 
 I know that wish it 
 I know it ain't right 
",0.0,1.0,0.4668836869244667
70,"an old man by a seashore at the end of day 
 gazes the horizon with the the one 
 
 
 And I can't seem to break the shackles of the city 
 
 
 
 
 I mean, you don't have to 
 
 
 
 I don't know. 
 
 
 
 I have a band 
 
 
 
 I mean, I don't know. 
 
 
 
 
 I mean, I say I guess, Who, 
 
 
 
 
 I mean, you 
 I mean, I was 
 I mean, 
 
 
 
 - Right. 
 - Mission statement. 
 
 
 
 - It's getting good 
 
",0.0,1.0,0.5322271741176829
71,"i close my eyes 
 the lantern dies 
 the scent of awakening 
 wild honey 
 I think explode 
 I see you downfall 
 I fly 
 You try to 
 You think me 
 And I never met 
 You want my breath 
 You know I need 
 And I can't say goodbye 
 
 I remember the 
 I can't wait it 
 I can't take it 
 I can't live in your eyes 
 I can't take it 
 I can't take it 
 I know you it 
 You know it all 
 So I don't know what you never gonna be 
 And I know you is what",0.39402125841558516,1.0,0.46358624427089123
72,"train i ride 16 coaches long 
 train i ride 16 coaches long 
 well that 
 
 
 
 I think records, 
 
 
 
 I mean, 
 
 
 
 
 Some kind of monster 
 
 
 
 I mean, I mean, I mean, 
 
 
 
 
 I mean, I think 
 
 
 
 
 I mean, I mean, I know 
 I mean, I know what to 
 I know what I mean 
 I know 
 
 
 
 
 I mean, I mean, I am 
 
 
 
 
 It's just jacking to do 
 
 
 
 ""This is gonna get a drink, 
",0.0,1.0,0.5289659813351866
73,"the time is close now, the end is near 
 my walk through the valley, trails 
 
 
 
 
 Do you know what you are 
 
 
 
 You know, I mean, I'm doing you 
 
 
 
 And then, is a little new 
 
 
 
 You know, you I mean, I mean, 
 like, it was 
 
 
 
 - Right. 
 - Kirk. of 
 
 
 
 
 - Kirk. 
 - Kirk. ! 
 
 
 
 - Kirk. 
 - Kirk. 
 - Kirk. 
 
 
 
 
 - Kirk. 
 - Kirk 
 - Kirk 
 
 - Kirk. 
 - You",0.0,1.0,0.5255992646794219
74,"liar ! liar ! 
 
 banana, banana, banana, terracotta 
 banana terracotta, terracotta pie 
 Banana, banana, banana, terracotta 
 Banana terracotta, terracotta pie ! 
 Banana, banana, banana, banana, terracotta ! 
 Banana terracotta, terracotta pie ! 
 Banana, banana, banana, banana, terracotta ! 
 Banana terracotta, terracotta pie ! 
 Banana, banana, banana, banana, terracotta ! 
 Banana terracotta, terracotta pie 
 Banana, banana, banana, terracotta ! 
 Banana terracotta, terracotta pie ! 
 Banana, banana, banana, banana, terracotta ! 
 Banana terracotta, terracotta pie ! 
 Banana, banana, banana, banana, terracotta ! 
 Banana terracotta, terracotta pie ! 
 Banana, banana, banana, banana, terracotta ! 
 Banana terracotta, terracotta pie ! 
",0.6862204742356114,1.0,0.48191868682063443
75,"no one knew where he came from 
 he never knew himself 
 called her ""ma"", I walk 
 And he was in the streets 
 The final frontier 
 The tyrant's that stands 
 The Watchmaker's Dream 
 The Watchmaker's Dream 
 The final frontier 
 The Watchmaker's Dream 
 The final frontier 
 The war of life 
 The final frontier 
 The only one 
 The time is watching 
 Is that 
 The ones that love 
 The negative one 
 The negative one in the moment 
 The end, you end of the american 
 The end, the end of the american 
 The end, the end of the american 
",0.4436496144085867,1.0,0.44556864565460336
76,"""she's"" the one, ""that's"" what i thought 
 when our love had just begun 
 but the greatest and the 
 
 And I don't know what 
 That you been alone 
 But I just can't seem to break my way 
 I don't wanna to live in you morning 
 I wanna to I want 
 I want to fall apart 
 I wanna I want 
 I wanna I want 
 I defy 
 I hate you 
 You know I could stay 
 I want I waited 
 I want 
 I want I tried 
 I suffer 
 I hate you 
 I hate you 
 I beseech you 
 I",0.4958306900801164,1.0,0.47287671606821824
77,"turn your head and see the fields of flame 
 he carries along 
 from a mother of invention 
 She got the and she takes 
 She's like heroin 
 Sipping on the floor 
 She got the gun, she likes her butt 
 She's got the jack, she's got the jack 
 She's got the jack, she's got the jack 
 She's got the jack, she's got the jack 
 She's got the jack, she's got the jack 
 She's got the jack, she's got the jack 
 She's got the jack, jack, jack, jack, jack, jack, jack 
 She's got the jack 
 She's got the jack, she's got the jack 
 She's",0.5823500968946537,0.9824307673767692,0.47065970322147777
78,"""we're"" so young and pretty, ""we're"" so young and clean 
 so many things that we 
 How can I see you you 
 When the moon's in the ? 
 As you wallow to the 
 A thousand 
 We will the the 
 Face the 
 
 I know the I can survive 
 You know that you 
 You know what you know 
 You know you're all the fucking all 
 You know you're gotta get a gun in a 
 
 I think my hands in the eyes 
 And I howled that 
 I heard the I was 
 You say I could 
 Be the sister, and me 
",0.34975341583056146,1.0,0.4724777005310165
79,"sound of gunfire comes through the night 
 killing and hatred, it is a terrible sight 
 
 
 
 I got to 
 
 
 
 I don't know. 
 
 
 
 Say I know you 
 I know the you 
 
 
 
 
 
 I don't know 
 
 
 
 I can't be 
 
 
 
 And I mean, I think 
 
 
 
 I can't 
 
 
 
 There is a lot 
 that guys, 
 
 
 
 You know, I mean, I mean, I am 
 
 
 
 
 I mean, I can't be 
 
 
 
 Make it works 
 
",0.0,1.0,0.5346387524969726
80,"i still get this, awful feeling 
 when the snow falls, to the ground 
 
 Did you hear the crying ? 
 
 
 I am the chosen one 
 I am the one 
 I am the inferno 
 I am legion 
 I am legion 
 I am the inferno 
 I am the inferno 
 I am legion 
 I am legion 
 I am legion 
 I am the inferno 
 I am legion 
 I am the inferno 
 I am legion 
 I am 
 I am 
 I am 
 I am 
 I am 
 I am the inferno 
 I am legion 
 I am 
",0.0,1.0,0.481136703292486
81,"""you're"" lazy, just stay in bed 
 ""you're"" lazy, just stay in bed 
 you ""don't"" to 
 A million voices a brand new day 
 The pig ascends 
 
 I'm not afraid of dying, 
 I'm not supposed best, but I'm not afraid 
 I'm not supposed best, I don't wanna to 
 I don't wanna be, I don't wanna be innocent, 
 I don't wanna be, I don't wanna be, 
 I don't wanna be, I don't wanna be 
 I don't wanna be, I don't wanna be innocent, 
 I don't wanna be, I don't wanna be 
 I don't wanna be, I don't wanna be 
 I don't wanna be, I",0.6277330598228205,1.0,0.5406147874830944
82,"he is the king of all the land 
 in the kingdom of the sands 
 The inner blackness 
 The myth 
 The beams of Judas 
 The shroud of Judas 
 The gods of power 
 The wisdom of the 
 The limits of a christ 
 The claw, the claw, 
 I am the sky, 
 The human race 
 I am the bitter 
 I am the inferno 
 I am a fugitive 
 I am the inferno 
 I am a fugitive 
 I am a fugitive 
 I am a fugitive 
 I am a fugitive 
 I am a fugitive 
 I am a fugitive 
 I am a",0.5772654392455302,0.9779443825687899,0.4593926846516725
83,"yeah, obey, submit, assume, consume the dream that never was, just follow the rules 
 stop, I don't wanna to 
 I'm gonna get writing it all 
 All the things do is drag me down 
 Caught in the eyes (it's in my head 
 And I will believe in the rain 
 I will standing in the thunder 
 I see the in the 
 I defy up the 
 I will I want 
 I suffer the 
 I suffer I was 
 I suffer 
 I defy 
 
 I will my heart open 
 I sew 
 I sew 
 I can't 
 I was 
 I wanna 
 I wish",0.45707048513175197,1.0,0.4670828995757875
84,"dead man walking 
 ""we've"" all been detained 
 for the crimes ""we've"" committed 
 they stares is not the 
 The world you is watching 
 You can't be a reason 
 You know it's over 
 And you're a man with 
 You ride the the 
 They say the road 
 To the the fields 
 You know 
 
 I want the 
 I want you 
 I wanna you 
 I suffer you 
 I want I want 
 I suffer 
 I suffer 
 I suffer 
 I suffer 
 I wanna 
 I wanna 
 I want 
 I want 
 I want 
 But I don't know 
",0.5200355614140563,1.0,0.47852045776105373
85,"nothing else will set you free 
 the simple things are hard to see 
 when eats 
 
 And I won't you in the ear 
 I think wear, to 
 I was I was 
 I defy you 
 I defy you 
 I defy you 
 I will to 
 I suffer 
 I suffer 
 I suffer I want 
 I suffer I want 
 I suffer I want 
 And I can't take 
 I want I had a real part of the 
 You know I can't see 
 I will to for the 
 
 It's like a star 
 And I can't see you 
 You are the",0.49256852430421577,1.0,0.48803258211653094
86,"on a lonely walk this morning 
 a light mist in the air 
 dark clouds 
 The man who laughs 
 The world of the awe 
 The negative one 
 The negative one 
 The negative one and the 
 
 
 
 
 I mean, the I am 
 
 
 
 I mean, I really-- 
 I mean, I am 
 
 
 
 And if you been 
 to years. 
 
 
 
 And when it was-- 
 
 
 
 You don't have to 
 I don't know 
 
 
 
 
 And he likes 
 
 
 
 the say that, Metallica, 
 
 
 
 You",0.0,1.0,0.5263501005902198
87,"who is this irresistible creature who has an insatiable love for the dead ? 
 living the for a thousand 
 Who dares to ? 
 (Ten justice 
 
 
 
 I mean, I know, 
 is my things. 
 
 
 
 
 I mean, I saw myself 
 a lot of time. 
 
 
 
 
 I was, that-- 
 I mean, I should 
 
 
 
 
 And when guys I mean, and they 
 
 
 
 And that's guys of the 
 
 
 
 And I think totally 
 a vibe 
 
 
 
 I don't know 
 I don't know 
 
 
 
 can",0.0,1.0,0.5161745200215203
88,"""hey, mr superstar, ""i'll"" do anything for you 
 hey, mr superstar, ""i'm"" your number one 
 
 
 I'm a VCR 
 I'm a Nazi schatze 
 I'm a shock trooper 
 I'm a cyber junkie 
 Around the know 
 It's a madhouse 
 When you know the she's got a real mind 
 You might be a sexual 
 All the girls 
 
 I know 
 You know that crazy, oh 
 
 I think you save you 
 I want you 
 I wanna to 
 I wanna you 
 I hate you 
 I hate you 
 I hate you 
 I hate you 
 I hate you 
 I",0.0,1.0,0.5066077890962719
89,"now the ""contract's"" out 
 ""they've"" put the word aloud 
 ""i'm"" coming after you 
 
 I am what damaged to the 
 And I am the one doom's man 
 I am the one I am 
 I am the one doom's one I want) 
 I am the one doom's one I want) (the one I want) 
 I am the one I want) (the one I want) 
 I am the one I want) (the one I want) 
 I am the one I want (the one I want) 
 I am the one I want) (the one I want) 
 I am the one 
 I am the one 
 I",0.6710524028086216,1.0,0.516975454562698
90,"empty and sweating 
 head lying in your hands 
 shaking in the corner 
 done in the endless 
 
 
 You are the hunted, for the 
 I divide your choke 
 A real hero, 
 I will raised 
 I sew 
 I was everything 
 All the I had 
 I never wanted 
 I wish away 
 I will 
 I suffer 
 I want 
 I suffer 
 I suffer 
 I wanna 
 I want 
 I want 
 I will I want 
 I want 
 I suffer 
 I defy 
 I suffer 
 I suffer 
 I want 
 I suffer 
 I suffer to 
",0.0,1.0,0.4775677835189802
91,"""i'm"" so fed up with everyone around me 
 no one seems to care 
 ""i'm"" to my wheels 
 Oh I don't know why 
 And you I don't know 
 How'd 
 
 I don't know why the do 
 I don't know why I'm doing 
 I don't wanna to be a man 
 I don't know what I'm not 
 I don't care what you think be 
 I don't wanna to be the 
 I don't wanna to be your 
 I'm so to be with 
 I wanna be there one you you 
 And I'm on your way 
 I'll never be the same 
 I'm going to crash",0.3702265034016059,1.0,0.43030424030141967
92,"walking in the subway 
 alone late at night 
 new york city gangs 
 everywhere to 
 
 
 I can hear the chimes 
 
 
 
 I know I can't get out 
 
 
 
 - And you is the Dad 
 - You don't really know 
 
 
 
 You know ? 
 - Yeah. 
 
 
 
 And he was kind of, like, the 
 
 
 
 I mean, about you. 
 at the studio 
 
 
 
 I mean, I have been 
 
 
 
 How do you guys 
 
 
 
 
 You know, the guys 
 
 
 
 
 if",0.0,1.0,0.5247737383280452
93,"you know nothing about loving 
 you lost somewhere down the line 
 you know nothing happens to 
 And all the people in the amounts 
 And the left in all the 
 
 I know you you 
 
 I know it isn't my friend 
 I don't know why you 
 I don't care 
 I don't know what I don't know 
 I don't know 
 I just have to be a million 
 I don't wanna be, I don't wanna be 
 
 
 
 And I don't think you 
 
 
 
 I don't know, I know 
 
 
 
 
 
 Kirk. 
 
 
 
 -",0.0,1.0,0.5110378451769789
94,"(verse 1) 
 blonde haired baby standing by the road 
 a pistol in her hand 
 
 
 
 I mean, I can't 
 I have nobody 
 
 
 
 
 I know I mean, I mean, 
 
 
 
 I mean, you 
 
 
 
 I mean, I can't 
 that 
 
 
 
 
 
 Kirk. 
 
 
 
 Kirk. 
 
 
 
 
 Kirk. 
 
 
 
 I mean, I totally 
 
 
 
 
 
 What's the and the-- ? 
 
 
 
 - Yeah. 
 - Kirk. 
 
 
 
 - Kirk. 
 - Kirk. 
 - Kirk. 
 -",0.0,1.0,0.5201799215821704
95,"headless 
 i skid like rita lifted ocean 
 i drift like my planet don’t spin 
 I don't know what I'm headed in 
 
 
 
 
 And I mean, you you 
 some drummer 
 
 
 
 I mean, I mean, I am 
 
 
 
 
 
 I mean, I don't 
 
 
 
 I mean, I mean, I think 
 
 
 
 I have the 
 
 
 
 I mean, I was 
 
 
 
 I mean, I mean, 
 
 
 
 
 I mean, I was you 
 
 
 
 I mean, was I think 
 
 
 
 I mean, I",0.0,1.0,0.5205080903028106
96,"would you care for me if i was deaf and blind 
 would you hear my heartbeat 
 Obviously as a picture 
 
 I am the dragon of the Sabbath 
 I am the narrator one 
 I am the one I am 
 I am the one 
 I am the 
 I am the 
 I am legion 
 I am 
 I am 
 I am 
 I am 
 I am 
 I am 
 I am 
 I am 
 I am 
 I am 
 I am 
 I am 
 I am 
 
 I am 
 I am 
 I am 
 I am 
 I am",0.8168517609651925,1.0,0.5221012536512054
97,"high velocity bullet at close range 
 can damage the mind 
 shattering the skull, shredding the the 
 
 I am the damaged I am the omega 
 I am the one 
 I am the voice 
 I am the enemy 
 I am the inferno 
 I am legion 
 I am the inferno 
 And I am legion 
 I am the inferno 
 I am legion 
 I am the inferno 
 I am legion 
 I am legion 
 I am legion 
 I am 
 I am 
 I am 
 
 I am 
 
 I am 
 
 I am 
 I am 
 I am 
",0.5905922302808272,1.0,0.49408175657563685
98,"""i'm"" looking through a hole in the sky 
 ""i'm"" seeing nowhere through the eyes of the 
 We searched the rainbow's 
 Determination and swam 
 I know the is the 
 I know who you're are 
 It's my heart 
 I know you you coming 
 And I know it's all because of you 
 I know it's all because of me 
 I know it's all because of me 
 I know it's all because of me 
 I know it's all because of me 
 I know it's all because of me 
 I know it's all because of me 
 I know it's all because of me 
 I know",0.607708352423606,0.9818557764442031,0.49363595239990005
99,"i keep, i keep 
 good ideas 
 i keep, i keep giving bad 
 giving my heart to my soul 
 I don't need no lessons 
 I don't need your civil 
 I don't need a holy 
 And I don't want be alone 
 Suddenly I don't know why I am 
 And I just don't care 
 I don't care 
 I don't care 
 I don't know what I'm doin' 
 I don't know why wrong do 
 I don't care what you be 
 I don't wanna to be a victim 
 I wanna be a martyr, of wealth 
 I don't know what I'm 'bout to be 
 I",0.4506259553019145,0.9798865966384429,0.4536028084769531
